,date,liquidity,sqrtPrice,token0Price,token1Price,volumeToken0,volumeToken1,tick
0,1654041600,8231207434052111750,1856893429825760879993001626665632,1820.477049969326866978369489729943,0.0005493065677575275960894326775837743,62382465.09672,33199.507076422365240498,201251
1,1653955200,10807353468187672619,1797366136853885990641118488349863,1943.059309948568601896220564849767,0.0005146523293859049978447049583765723,62659285.385316,31865.735926277437983198,200600
2,1653868800,11292825750678124142,1773433144696680405409875848069458,1995.857477813946834033815138305146,0.0005010377800599746357484285704251376,91539987.833212,47499.110544278769340026,200331
3,1653782400,9895889009988875597,1861085789219729085083188885264938,1812.284522876210063194996131284459,0.0005517897368636889344863680474176713,20771032.699448,11562.686228748873834795,201296
4,1653696000,8647700924177895233,1869745116554627352215890564352607,1795.536972646960553016366362328804,0.000556936457023110567154254415343768,46105240.189838,26130.665417835072098884,201389
5,1653609600,5488559682454187568,1910280353422574535790324688750865,1720.144571483830330723475852163582,0.0005813464848116693198508138079193344,99874272.141596,56793.783649213961425339,201818
6,1653523200,8047843258927103262,1870747401359475790197816523314808,1793.613508977655882089205137787702,0.0005575337133639182459071491608100866,174515394.960575,94453.241634077725554232,201400
7,1653436800,13513096719931349449,1797432422976657847875959166104004,1942.915999422501218431226199495668,0.0005146902904177190447767742309614189,70842938.609941,35965.154655643609692173,200600
8,1653350400,18847115326038654505,1780800442591259551318140054101909,1979.377629383218967707131422020793,0.0005052093067817501391893634671795251,61418714.517397,31379.485847052547604742,200414
9,1653264000,16889967781346686174,1785462265012927383007136790464688,1969.054856693696100073460986139882,0.0005078578672404954969439626277004175,92618537.495061,45453.889966006117733006,200467
10,1653177600,18589510631697966275,1752097777929011151854556378450156,2044.760701557745356586760234086823,0.000489054782419369260945634954104466,47332596.949438,23500.641152645934297817,200089
11,1653091200,17405408174715933303,1783973544121299911286155705850707,1972.342569365083643234170607163543,0.0005070113151397983449942027887241086,31659001.605077,16107.506496796785534265,200450
12,1653004800,16841584317417859005,1788723835999222531928168887000000,1961.880627883651179548094397477442,0.0005097150080322342323221023428719435,89701999.129763,44947.308499226308550908,200503
13,1652918400,17272545928044451650,1763654802914717485918654052158040,2018.050345617587049303068075056243,0.0004955277761883430429760314540727926,110763073.194622,56253.229588619328210208,200221
14,1652832000,11377408531675328302,1812208927058892625072950970298576,1911.360631745224218678852622071227,0.0005231875049591873698031877380687219,90516665.475503,45502.329876379037847663,200764
15,1652745600,16317651643661445401,1732072829494112989540144798631158,2092.314039904112127963941060262338,0.0004779397265077037017523046871892745,86159634.168595,41761.906060343242919935,199859
16,1652659200,14057109569580628010,1762217471903873954588379866000000,2021.343684052158404024794097284441,0.0004947204218113539628819731389874868,155610984.028985,77044.34649130804479981,200205
17,1652572800,13019439675775698571,1710751451425516444958008842000000,2144.792751402377705443483476738151,0.0004662455145589930239737350352935094,73894675.825141,35707.376464700686414152,199612
18,1652486400,12907554174779883117,1746810291740264078323415685746876,2057.158163499839315506232147528776,0.0004861074941844538974538696369243387,105843575.52439,52632.628024919699582514,200029
19,1652400000,12654316663484831652,1769043505560239365208000897744896,2005.774660512115145241498028528466,0.0004985604912092565879921421289513049,205959342.229259,99714.146029154255712376,200282
20,1652313600,9635754048417222419,1792423718085189343054587873289728,1953.789644414178532719605636043812,0.0005118258267254961097945275549270653,415436977.28492,216512.831619501451603428,200544
21,1652227200,9090925091254614342,1741284745794569684292797339657372,2070.234665853771437650029656534907,0.0004830370278760629207568873883768417,542875941.95458,245300.378262582270488397,199966
22,1652140800,10208256953557758152,1637998978037644339973492586779066,2339.547755485952019467904699741646,0.0004274330360024166520880989722170458,236310636.964001,101069.728296370352368347,198743
23,1652054400,8898663825493809748,1675660519268097528113279246719849,2235.563925803024662897992044750549,0.0004473144285689775038702992570037423,267924440.009739,114527.319000516490682982,199197
24,1651968000,14008687590689385437,1579723064843738906509282363288237,2515.343197113886368719176958356036,0.0003975600630352961445495912697098589,101245546.640725,39822.794923805110685622,198018
25,1651881600,15160039137835533151,1541733481530243620766343066624440,2640.830696403987228453734251626462,0.0003786687277460450536113329087985768,46576892.318149,17574.414826493896607664,197531
26,1651795200,13519661763249399109,1525399303470331854034981372089853,2697.690235607902318588041473667156,0.0003706874817577631259683502795442754,137731536.07538,51388.943083541417683875,197318
27,1651708800,11010856556840585375,1512405999558279210932370182575813,2744.241858879705043943434032736319,0.0003643993683589662808957912057369219,59173790.954576,21259.041968170133635278,197147
28,1651622400,12663454213348601360,1462303096600983114090048830055975,2935.515434349736634818297426963092,0.0003406556778065504899717011209748516,57594897.086907,20087.570888134954834398,196473
29,1651536000,11393643983498934504,1501426853922427592329386805705305,2784.522997182539855619845386954291,0.0003591279371769702206552338096551624,28140164.628607,9990.702402041983109268,197001
30,1651449600,12667241993224775641,1480738360147424631100306838662992,2862.875834406408369303478168268906,0.0003492991166371492434094683671430875,48851507.607523,17279.298923776585115294,196724
31,1651363200,12134593500668170567,1489803129792269411647954936295119,2828.143246554750951750538597875881,0.0003535888789290294077578399199385791,42456051.120039,15228.41223508028523123,196846
32,1651276800,10209078375083514957,1516755454776025128253323519412686,2728.525622975685765135039600317473,0.0003664982991471475456703351842304606,45625860.878668,16270.286475437782422645,197204
33,1651190400,9775104514646257702,1493231030977165959901961297765790,2815.173427687771431333908609945474,0.0003552179024442359070336945022907646,43950945.420129,15399.975374680891550225,196892
34,1651104000,10041199281005518685,1462114441730308862794999937409390,2936.273015284375969614258259054055,0.0003405677860316918471656002978711983,58314241.916732,20014.861762987201497397,196471
35,1651017600,201059215581937380005,1474375533465734152186162164699708,2887.639253020695719259769146898925,0.0003463036454272887656218607976632178,54868793.0888,19128.705528817971093129,196638
36,1650931200,9661232995713340036,1496621752596852131557587511000000,2802.431856400751851901091369041568,0.0003568329405462619528033132265276526,71491946.823473,24617.132929397947703338,196937
37,1650844800,18434362911233915887,1443242585333120728443590258760321,3013.564543758703935902972612924166,0.0003318329458285762150797847796493696,73085133.853543,25199.608051966901556666,196211
38,1650758400,11887161505983983507,1464176988850631886721971910359919,2928.006342753099866991209971068576,0.0003415293148100682353108573062935594,22118263.65208,7526.866224654441339671,196499
39,1650672000,11802834191967401683,1462928650708136824611941971549104,2933.005494953831420618098844789785,0.0003409471962191946209407570565342813,18152065.293583,6155.691187179574708439,196482
40,1650585600,11594667708918866430,1455943197572979883656128944775078,2961.217478673667413274229476517137,0.0003376989387648424616845504652551365,56134078.350369,18794.655477112394155216,196386
41,1650499200,11929625202739711537,1450777427104635418739497041233316,2982.342984776153255439783986079156,0.0003353068393221906179952832614090047,82779764.034887,26843.894403401612404976,196315
42,1650412800,26119724924759664597,1427326794492368483884784550322593,3081.146371233160338795807931005407,0.0003245545259830587765231738702007194,61196866.604461,19780.022413544480316282,195989
43,1650326400,19776294639976996968,1422524873704605586754679076938559,3101.983114454551091249779439575703,0.000322374417623430156647286537668158,42509557.579595,13792.212601747321041987,195922
44,1650240000,19060923779747116878,1432233163613167294271994434682567,3060.0725008635041798635057684909,0.0003267896429636277497885441443871188,57927628.731182,19531.289367644534040162,196058
45,1650153600,11704907447057116052,1448883256337261431628081080076437,2990.145903992679574625183056832901,0.0003344318411568883039147348692260853,82817497.939238,27027.033325359435610123,196289
46,1650067200,20527645130255377244,1430199078568924681893626114020177,3068.783000161234570870486069658025,0.0003258620762522015300438351870245168,21849291.890333,7172.667521222413336061,196029
47,1649980800,20401985633695435044,1437683015138953670385064099490457,3036.916726163472952380191793196601,0.0003292813370168686698701910810159596,38386279.007265,12681.980026914080987666,196134
48,1649894400,20490559253434262575,1442133462431984550448707939900621,3018.201699523132896650449574773829,0.0003313231187160212307530170236900112,46807656.611698,15309.12859340645787859,196195
49,1649808000,19401493722237826895,1418358822031225495757281864755048,3120.232376507404307367946753422443,0.0003204889506080115508671530435719937,79642265.686956,25962.49084638950830793,195863
50,1649721600,20685016320663652827,1440111505395720514504530550000000,3026.682929349256505329111295139209,0.0003303947005162520284325545528777952,83247223.949368,27540.678081012453248198,196167
51,1649635200,10177694171410194461,1451384494448327117102103255433521,2979.848670681815769322151148589663,0.0003355875114863437486847385111387217,119728794.077913,39136.713589872898907756,196323
52,1649548800,30060075601371535893,1398607825074128156069829260692378,3208.981844524235330993410227291659,0.0003116253218155119597093354906835196,44765706.416475,13765.58532589366016375,195582
53,1649462400,19269561885806438925,1387757505342463783369113875750606,3259.35749698209151582660908723117,0.0003068089342534291760580482495935311,38341385.096862,11911.161738413850537395,195427
54,1649376000,18897550614671003131,1403721733462113162121229877475318,3185.643106811893855806789583435922,0.0003139083589940409765557542513132756,95363260.401489,29305.939214216480021597,195655
55,1649289600,20673914887402814138,1392449584609819512114166917000000,3237.428663741225343007761456979365,0.00030888711501194398433130631643592,95519528.451335,29753.684981811813184984,195494
56,1649203200,17045457483059356121,1406589433364017562970721914501246,3172.666817228957711183855227334003,0.0003151922523252571035178841355426445,175368462.62212,53644.603497583088532207,195696
57,1649116800,22715087173709351635,1356384717771944892248616486036570,3411.877198597870209674189629191154,0.000293093784386775563448774737299568,76364663.768255,21997.971922797819654244,194969
58,1649030400,20025065641364126111,1333844255601973638232768955487151,3528.165280779663124119721154787331,0.0002834334336454377793899775280912625,66180064.379589,19057.08702621357550515,194634
59,1648944000,16394608014785014760,1334506450576432663310686283767862,3524.664730203202504368075079900737,0.0002837149279563813764813470093490131,58050336.870767,16601.892608991290492267,194644
60,1648857600,18847947946009318469,1349839392660699324108414013783763,3445.045572264009507113587665156184,0.0002902719221048857152581595545090976,78511176.600425,22566.445374939602334597,194873
61,1648771200,16987770954438418726,1349426192904439979670302942012823,3447.155669041068518573083419105755,0.0002900942388476991809922056550632426,89928328.999428,26920.736153383619394532,194866
62,1648684800,17583075181794847805,1383987220436866154106140988471613,3277.140096066202788489301953084423,0.0003051441106226661019089040124943925,74185568.787024,22149.718365344155789038,195372
63,1648598400,16625800317746608796,1361435537158107563465186725866342,3386.608562803339755408618971076469,0.0002952806565788128747921945544598709,71705800.682787,21140.246804969815484886,195044
64,1648512000,16629111660318728878,1359559284015153781895534065318155,3395.962357861953705773556811743904,0.000294467339334581082823020933991883,85282571.221375,25027.266732622531932451,195016
65,1648425600,16917632572966407136,1372796593152242004109820196273641,3330.786394804607736479395076039,0.0003002293997477020744202169233362891,72593844.999926,21615.585893115934520137,195210
66,1648339200,15736983935392930854,1380634542640211376058427446914623,3293.075573456462995037291786885697,0.0003036674918912913229871504819242874,60136376.731765,18730.622952286773159295,195324
67,1648252800,17778557792904012728,1413724251068301372166602850205256,3140.723843347491459863983761030313,0.0003183979394171012555382658092427476,19507451.72168,6243.748988411468690141,195797
68,1648166400,18362157890764465457,1422028443279794159004650807438246,3104.149298394866397256792816384793,0.000322149453480569672627222544888729,77341823.980078,24724.987884176851410683,195915
69,1648080000,17138613739870460708,1420247527768157532632066583413107,3111.93905839201140241167270174205,0.000321343053715427180083860729318096,75835012.355217,24749.758813275529561314,195889
70,1647993600,16569998929828766317,1439342400517724397928782949301139,3029.918377061716976976103766556077,0.0003300418940558248615894668301976793,79471094.940392,26644.606406911013553652,196157
71,1647907200,14131394177037272942,1454205496459534526306903417295765,2968.2987135512962394280317351238,0.000336893317183563385235435501802848,71755397.280533,23971.042480785119863352,196362
72,1647820800,14415664116371823247,1472585652578088584277527843875941,2894.663185913433645846677507786548,0.0003454633357229235517237751424164721,55089757.236695,18967.787047161097105321,196613
73,1647734400,13991370965521781650,1481414470320878748784937449957291,2860.263226237375532467916691703145,0.0003496181717916507591775391827444264,50008271.309641,17339.725117724453952805,196733
74,1647648000,14158280019625534538,1459572415935915595879603798177000,2946.509686617982069411403312659486,0.0003393845961347592885375256509294808,39650753.523317,13431.316472757176659932,196436
75,1647561600,13251116148319416556,1460247678686883434370667981658303,2943.785206073554932737923491607611,0.0003396986974242622391790762219589558,54603843.337976,19065.146511216926121552,196445
76,1647475200,13918730282133183037,1493664464151032542359289756463474,2813.539844583848429501381123101662,0.0003554241472446288803381011551808001,37507353.350594,13417.324131025237435907,196898
77,1647388800,13993407208843842451,1505912376941861873514546285745398,2767.959695463351434762423021946504,0.000361276936813417658157385013414002,118742727.8338,44202.306742261969920824,197061
78,1647302400,14641276038250328330,1547214747669328836668030125783382,2622.152674265079995823280928528587,0.0003813660469942977431128826772305569,65244063.506046,25272.111228718026940756,197602
79,1647216000,14399663293674114619,1557155546246044328772105370945162,2588.780171791404552599492511121159,0.000386282315855352098431767237220748,51901247.835372,20277.07477064673046968,197730
80,1647129600,14073682894381773101,1579797739957988960657701060221797,2515.105408317839259710042047173459,0.0003975976500598530211750568351133512,40400103.756592,15799.336717450346307248,198019
81,1647043200,14242995286836357924,1562690657971834772142588398452555,2570.473528517129711134776200066319,0.0003890333780550099800851271425749709,24923620.340521,9648.803998895771039341,197801
82,1646956800,14139662881115600520,1564448997147618835396544403435001,2564.698684654762022336282515609955,0.0003899093511386939069839679761629776,75812221.34501,29262.655243720280662816,197824
83,1646870400,14607671969916894001,1549835881108261329019628660373483,2613.290832558950638551254420027394,0.0003826592844321096017295889891675096,83595891.966962,31950.087000184737785603,197636
84,1646784000,15151170524530421962,1517121996203430985825977555913735,2727.207341567493896887424258594823,0.0003666754576222424137501520681918502,74424074.887156,27530.618959612234536438,197209
85,1646697600,14015032474148955454,1560416833983220741776162279599540,2577.970323911077352355802102191497,0.0003879020602855059390618596025495255,133521555.739312,52064.107089090530260644,197772
86,1646611200,12647752309445198713,1587790406349881224628248641543628,2489.847915434112324885780249176389,0.0004016309565741677244955293592549553,112178020.824508,44259.289620154841239484,198120
87,1646524800,12392751444040840502,1567098636528840534382820446308841,2556.033267477849485663453841105975,0.0003912312146808417753231345036929809,51799094.77646,19810.947450248568025092,197857
88,1646438400,11461026719402457845,1535250524720482930562412967283747,2663.18084514143631155522995117725,0.0003754908352635331309006667938122142,25842377.661868,9762.223058834065899562,197447
89,1646352000,9360362143372267796,1548791753320911206955816600222554,2616.815553456486659929043613748662,0.0003821438613352495712282570381039243,71424467.178084,26488.328238436270134023,197622
90,1646265600,9235848315025056509,1486682288025307402418627698011580,2840.029379320861593487066333871337,0.000352109033547790540097319545926057,47060005.938573,16385.406709460180277828,196804
91,1646179200,9202873203891771694,1457268878223996430447004062036982,2955.832277360311117226870002449169,0.0003383141890895934744390187269213657,115554072.707655,38692.746581525277754302,196404
92,1646092800,8802539832185482797,1453233583670637695281068191439386,2972.270397420131483917476524986784,0.0003364431448995956346967144094785523,82696597.879343,28082.733695840893532522,196349
93,1646006400,8393852498978764814,1466999403658011081811551165609983,2916.7505798919255364682248667028,0.0003428472790556719579900693982151698,102232916.739544,37713.400081301108774016,196537
94,1645920000,9694733393699731242,1547115296072445838609692546820716,2622.489799304209533427233092850758,0.0003813170218108443161601258856451845,112571056.617367,41781.864422418771740917,197601
95,1645833600,8137068520149967076,1503932998134641732490150240030206,2775.250507240461211124910915273258,0.000360327832529373584576368029980395,61540086.451423,22011.01167595803240179,197035
96,1645747200,9063268706137842797,1507705551028769701525067361427761,2761.37952204450346186385950820778,0.0003621378343747577094904096632121094,122705753.229438,45767.532622822528261255,197085
97,1645660800,9425321134119252801,1555182921342086036870482994942631,2595.351657219327091771300841633766,0.0003853042408408751297817758415021172,226557951.029019,92230.945484124599110501,197705
98,1645574400,10888811024551289963,1557441768368068191113063593672704,2587.828742231766456648951432357425,0.0003864243346866883980171581748830249,72709531.377471,27295.524373090171398478,197734
99,1645488000,10875745677263086795,1540772788269089924633332741419677,2644.124912409623748914449755797499,0.0003781969585879691390295229657207165,106922110.882569,41296.601585340490187886,197519
0,1645401600,10204957036210923615,1561473380461868405774409015033558,2574.482817800470313255968794109513,0.0003884275292442456002566579742894019,144891356.235831,54562.75075389904208439,197786
1,1645315200,10098035624789889667,1545170296032951293291633827405529,2629.096130119969849998769917028346,0.0003803588573820495505937137398153213,66555758.953633,25138.985009542255604029,197576
2,1645228800,10566910848635913712,1508334494754216562950070704291480,2759.077127933076725636409675655944,0.0003624400310799342299648502768602341,43368965.685938,15715.394866671733576942,197093
3,1645142400,10390404008467366668,1501512746014420172067241840974813,2784.20443623072378699948844655156,0.0003591690275997861967989672229797627,84152025.559659,29709.183983000823309548,197002
4,1645056000,11915959553821411061,1474173904559436768522396757299845,2888.429215941195134269828090820699,0.0003462089340742767123024501980413201,107569690.062084,35703.410829244748292448,196635
5,1644969600,14810936120511031832,1416150825690578779197880270612934,3129.969803351954434380180805491188,0.0003194919001867295040420332244121923,65879913.655895,21062.458519923015028886,195832
6,1644883200,14759067893673247205,1403786035099343519338802318399390,3185.351271203341440258484068524487,0.0003139371186595148909531917143087887,64749718.954002,21011.839698766833674237,195656
7,1644796800,11901184391400248321,1461925680827602836147376391685235,2937.031315564994830595135330745894,0.0003404798562073318041285789051032013,58263874.497642,20088.970529720653342501,196468
8,1644710400,12623310036137207715,1476690625284872098486570055862505,2878.592118093305314177583541190916,0.0003473920440879865134764387850524991,46761656.624367,16132.661203523893657655,196669
9,1644624000,11978527181998268750,1468071473374642527942623678060369,2912.492179286921250539654882563539,0.0003433485614525614152308559848775311,84183618.835068,28887.329296869418067708,196552
10,1644537600,11866157027664725527,1463980779391406577129297839754090,2928.791245188908395378016530787563,0.0003414377865416964996503144033830463,137543801.768301,45294.104446365627126482,196496
11,1644451200,20354698569158489749,1429430347318173588108385253141963,3072.084600324768449854405414828125,0.0003255118690072154962442493771185213,131900983.513497,41468.394907977385686402,196018
12,1644364800,13612205555217098801,1390538505020822509541177164601237,3246.333466222840399156260482720824,0.0003080398272095921158669375539056059,69343347.606816,22022.739315204240614286,195467
13,1644278400,13681137454892793906,1416737027699400242461134591773962,3127.380169623527896132256186681744,0.0003197564561267840314288826310206593,92575403.419573,29813.713366013695378963,195840
14,1644192000,13530285264398034994,1411987246238803292934430022111349,3148.45593597808440355834281390826,0.0003176160061739421288869894518887582,79356221.353868,25563.087940491348841666,195773
15,1644105600,13652018148907112647,1431238640874342141180073107142710,3064.326674763549548519864747529854,0.0003263359641893148634574898087201007,45807081.086829,15220.102059022337264383,196044
16,1644019200,13633295880368351956,1441731190114115231776024003112899,3019.886213788377823124062780498369,0.0003311383042957512599850801513437717,61211447.5647,20335.72326038061204582,196190
17,1643932800,10200768397820987925,1449592207321527582003165012000000,2987.221842328757866488340711229065,0.000334759201954825984757911338971974,91464259.85298,32098.228788612388886134,196299
18,1643846400,17292919977131107979,1527569958413225833837237410230051,2690.028924725841543791486556772678,0.0003717432146577816243505885113119432,78242802.943811,29637.348813652859230997,197347
19,1643760000,11485410236845009328,1529977732068126790416385384873426,2681.56882216756074030142660998642,0.0003729160302481745940814591804495595,91992660.294424,33965.137342073253734623,197378
20,1643673600,9726729742525597826,1498735122481658351605789936506221,2794.533997356414254035690832814039,0.0003578414150430749685362823657588968,97679712.138748,35318.790379236912900855,196965
21,1643587200,10470656249215361067,1528324858569157036471008892018893,2687.372157454166201573759634784917,0.00037211072430970337160317671587851,66137413.538605,25617.759076508864716595,197356
22,1643500800,16344206659617236103,1551250721270628744592184166565138,2608.526028717395957904271825483711,0.000383358260178717424597065952068217,57991637.184173,22348.834843107744695528,197654
23,1643414400,10691267656848915492,1555097647591919772134885269126988,2595.636297141541721293566271196155,0.0003852619880147520356036270586322829,62481100.720705,24303.14621119464014129,197704
24,1643328000,11302330559408597047,1569103539930902740844943023082311,2549.505558228361314337981678804387,0.0003922329162109750441765627632286599,108139423.523098,44345.42442901085740113,197883
25,1643241600,9962092237022225400,1608880857162808834617439880033368,2424.998078022262407339338673084972,0.0004123714608530999497820509766862875,145025068.818069,59937.060351389905968627,198384
26,1643155200,7361990110654209760,1595633022059191505421140936884224,2465.432611647602732482682611124581,0.000405608328240502428526414014917343,162105301.574005,63578.046620491613830105,198218
27,1643068800,9887697167945616193,1597698501727411152200935369000000,2459.062186559680821917056020428261,0.0004066590936437589969225023547201861,108352501.291863,44599.067655113646213341,198244
28,1642982400,5741287798651269467,1603191141092838598198882717000000,2442.241230000005762647467171251516,0.0004094599614961039865937362692211171,236507237.882473,103579.575503000409708478,198313
29,1642896000,6931795455125918402,1573397237700311106005671391235836,2535.609678016283630655027479286846,0.000394382466934872624181399715772588,58418817.271622,23733.398659066344532705,197938
30,1642809600,4261577569277313315,1615392612539241756360963130000000,2405.486825000000088194137428103443,0.0004157162656669300042149524284643771,270493938.890513,110801.374700145371939825,198465
31,1642723200,5464962209840637243,1564451921719096773762059131594007,2564.689095817281368298653982518085,0.000389910808928414444154896838712845,464003238.119884,172379.772261829961882256,197824
32,1642636800,6082533721875009123,1447435147202931913693626516897792,2996.131973409121370896887972561605,0.000333763668915478093400301819046325,93774911.763658,29917.683830481261146614,196269
33,1642550400,15501209304220022402,1423806199513590441929429883294031,3096.402491795033797036478381245349,0.000322955430584311436580937713314358,72334893.935232,23248.797638726662922969,195940
34,1642464000,16947565285357966792,1408300784864420736722905720571255,3164.960723171603522742465355533807,0.0003159596871704307101560662098652254,87295316.899133,27756.500306304515607682,195721
35,1642377600,14796818925594691801,1398125736855463453477519021115684,3211.195206331828031012668744270801,0.0003114105296458471534947247399962557,66370861.816909,20488.490057419544978925,195576
36,1642291200,15522722559110047754,1368487765781087719487232376656771,3351.79407641250356243179972297519,0.000298347684017128299709918593474407,48098224.583303,14457.800191363982588116,195147
37,1642204800,15451509001874104894,1371180635178503415666001036859440,3338.641789379621900096269786061141,0.0002995229985981267875844127455929582,29874206.278773,8996.398030280542792427,195186
38,1642118400,15286576527559904472,1378213454213186050135348508146655,3304.655535926242303117927830600888,0.0003026033996973654109256495915822952,59060752.746762,18100.698439522158838104,195289
39,1642032000,14885743525651709233,1390625729352562945120950932628264,3245.926238913708488345082059898148,0.0003080784732602744018071842246517252,67462281.389239,20316.962474173358246588,195468
40,1641945600,15626023218455057927,1365042728366677769893920556405250,3368.733658955185568221298694794474,0.0002968474510716144003252381304384923,62151764.900237,18767.51598050500973409,195097
41,1641859200,15174954441321243083,1392259807502228700328281864442184,3238.311303199554208057982956131201,0.0003088029242315179224166732700143475,74372803.400807,23592.379611355059234878,195491
42,1641772800,13677656478637121783,1428263327672864598794324655226498,3077.106990411685018316741052180198,0.0003249805752988167518691059815147319,114066607.462236,37661.06051511193781957,196002
43,1641686400,8302767027996423678,1411418789768692288727393909558513,3150.99256164635649541236995026324,0.0003173603175621308924307499414844275,34615423.717369,11066.787676070650623938,195765
44,1641600000,8061007200633085634,1425011380598640364399377266518896,3091.16723860158903471117039955854,0.000323502393371763765906193687098061,91378982.764969,29579.331746090216526372,195956
45,1641513600,7942361067364313342,1403944784581872180754752485856239,3184.630951882621236193723277782167,0.0003140081268785137040764792620631462,229116802.232765,71473.942522758100733611,195659
46,1641427200,8808102743583855577,1356405687442490741286131921405410,3411.771705988366633586024880558311,0.0002931028469005686082136040688186132,205328488.462953,60144.979490265655238209,194970
47,1641340800,13307185591267925723,1330233458602226788706935156512971,3547.345039965550412347209391906607,0.0002819009678319060195229082514083502,185089023.008451,51408.154919211165741963,194580
48,1641254400,11459118643421572224,1286615080770217437634703390655750,3791.943802133068085847849097353705,0.0002637169884842369520793977540749851,57053472.383798,14982.289694627802270228,193913
49,1641168000,10962490021519573899,1291256269747764819794184841768698,3764.733867535288566071573376875641,0.0002656230254742240539836569540099359,43340299.342594,11465.033820385644959751,193985
50,1641081600,21587959940677047495,1280893573525805772234916430693289,3825.895239649412638083212199061639,0.0002613767333816582441035952595026089,33442874.253681,8838.255830900619318718,193824
51,1640995200,9716610433472976863,1291672953030165292046016873873876,3762.305313718545011414672067855501,0.0002657944841301651957045022453396646,45717592.827885,12280.277256125870005011,193992
52,1640908800,11307170614408742257,1305020486551608181163309675963649,3685.738411225097774213516916242401,0.0002713160535089660111656622651109402,99110472.950747,26615.302624316345537,194197
53,1640822400,18141379057014102230,1301573368394817927745697270995078,3705.287059735795279266055135926516,0.0002698846226697763037455063828427396,55350918.909357,15034.153942532890105332,194144
54,1640736000,8799768024027432562,1315676693735875556305514433619323,3626.275571899173998782617192883557,0.0002757650322411305936669878221520148,61493870.111258,16470.845523741067201591,194360
55,1640649600,11035931562124023562,1284625539440655086824926568932658,3803.698310630977154494752048550093,0.0002629020280617667667819551525716578,101451543.296434,26091.952139610569745188,193882
56,1640563200,24465821317375050389,1245230363054004944174877805728608,4048.179525217269079779352624606787,0.0002470246177993623414237999371006517,36109403.650785,8860.253531985537186207,193259
57,1640476800,24178379325498635461,1240951859346555945235920422286925,4076.141945894847743391167738927186,0.0002453300236531549398601408363352505,43927619.199367,10831.316957372528141494,193190
58,1640390400,24255150554388766546,1237833017250423389090340292708997,4096.708304269309482872761230818243,0.0002440984140749948747962901067722889,61702766.611032,15144.807805000065614067,193140
59,1640304000,24356299119265499564,1245800107219313055862221797846525,4044.47764840738153066302606509724,0.0002472507173809641546808250674632974,67048670.032433,16413.253813234486438093,193268
60,1640217600,23565852324465370622,1236922000401213448968722088632887,4102.745135529301938338388494752014,0.0002437392445706936035156854415653762,102377812.362442,25592.461420636280165579,193125
61,1640131200,23030845054590143842,1254540074721413258341696298898620,3988.320857752696732347694680608509,0.0002507320839185117697615089910406932,70380526.80739,17570.596052866097104297,193408
62,1640044800,25395237200629445659,1248166714821965366373477069063145,4029.154988134320411409326014217,0.0002481909985952277502611169232407795,87466951.523776,21887.823722095574147046,193306
63,1639958400,25419974926135821736,1260285189416322790488220128732115,3952.041554098355353398242089509551,0.0002530337766724587363672463186018748,158024381.965559,40829.129749325316000673,193500
64,1639872000,22681746347367335823,1263916980879845147130559985977485,3929.362264624385200847916503457993,0.000254494223910808538494381788576613,122659282.711571,31072.224707176908696645,193557
65,1639785600,24117405375688867337,1258991326320861708663206967667524,3960.168739930261984467563245251104,0.0002525144926065978339113813382130784,135738687.812052,34840.905933343609059429,193479
66,1639699200,22230458743040585997,1271568540673112522620112900628890,3882.215311455210161414568673589687,0.0002575848889806062436368523405153884,204473070.692208,53170.900651764926957465,193678
67,1639612800,24219423992461735829,1257620483693317989887430241860923,3968.806841723873923303185049044664,0.0002519648952141103162260665059475599,131949361.648029,32656.33926095960083135,193457
68,1639526400,21703177565118874220,1249869051761283763321470499405477,4018.186945755843059415232120756226,0.0002488684607012216802848701558881945,207011380.566371,53029.877849534764324302,193334
69,1639440000,19750539897627798952,1274883547830904808166527112099858,3862.052152929742586847448693625299,0.0002589296986166804181976508147412134,117690901.243386,31016.431766619012668814,193730
70,1639353600,8395204400618342254,1288378631089868696479193001146464,3781.569977668241721185090187756124,0.0002644404323879816624401251070366131,212389216.327743,54765.809312167296856727,193940
71,1639267200,21614333412887035212,1231252819638288123394813756570575,4140.61347705481573469794238776668,0.0002415101060607308278099639318261724,77513680.246859,18974.183712664024720385,193033
72,1639180800,20248486363540517166,1240208935485685239240682842781978,4081.026881065509077874889182882925,0.0002450363668613992384925672049690865,185896196.978308,46537.183510368447160317,193178
73,1639094400,18938566086575156717,1268001416538011696642766584000000,3904.088824748757280203828286378992,0.0002561417131856250070524477283641391,257094373.358667,63368.72662576460118229,193622
74,1639008000,20803010010012671509,1232966493038142142079770972379414,4129.111577914309932894545267295878,0.0002421828476006255950254410208962612,198271880.937226,46685.871910956559648662,193061
75,1638921600,21725618584025386368,1190612820757105155047063485079337,4428.106503590070032275159221804522,0.0002258301599542047849039998604939051,152750013.065226,35142.888891501610025301,192362
76,1638835200,22664235350065038693,1208087877802571064453049798501927,4300.927426670470287467711316131402,0.0002325079920667580917512697318606977,127024766.00076,29225.635300093879050725,192653
77,1638748800,20328606469213297878,1201845783588069155333464109113984,4345.719383224319272399485390859042,0.0002301114986531981409466354009564599,239057239.415395,58268.051647272797301583,192550
78,1638662400,18559693854648107282,1224265053340311404990374783591189,4188.015323303497861535698014601867,0.0002387765857578577481335769617420012,167684041.248728,40418.684209702622306588,192920
79,1638576000,17289692361480258263,1235015451349353328727857733566464,4115.422098383804926610222212921558,0.0002429884410623922929644812876728506,381452929.313601,96845.203871575818809761,193094
80,1638489600,20685285480151197261,1218963457420279589808058501621302,4224.524126823673395243513556961548,0.0002367130521637896207923790348509776,222284223.819695,50900.074088820913169236,192833
81,1638403200,25249086604763899999,1178126006361179438034190325229270,4522.469865969621644854036971848657,0.0002211181123670348861859482747806423,190082861.635307,41909.402623910653728322,192151
82,1638316800,25281185140049823740,1170767948301700853653189362742138,4579.49425665571493922377577643306,0.0002183647241279157940688215443866496,196728717.689397,42059.075511682383855845,192026
83,1638230400,18361798736616321454,1162767874427806574730156415848412,4642.726696509057617143527615206146,0.0002153906670301993887358153729578881,257862726.525743,56460.411553352453297359,191889
84,1638144000,19110545394161260654,1187914202984827798230429510704218,4448.248261618011645696830796731296,0.0002248075964258925357151250009516436,79038855.899527,18110.437479259733401817,192317
85,1638057600,10157278695570072513,1210203664580297040653565648990972,4285.902037037686810527676255914805,0.0002333231117646300967226700414641744,84433187.909445,20627.228809689066109244,192688
86,1637971200,8422176881096864730,1239389690051956738616399742000000,4086.423840000002924208441937277742,0.0002447127461942369845828135461244211,46766903.455747,11382.03797704667993772,193165
87,1637884800,8365857131301574270,1245711894739015487633855833889503,4045.050471125799537869480680164252,0.0002472157040160946804366083199305805,153492193.510482,36864.067479715492430718,193267
88,1637798400,24972166918520045269,1177693704693527332033047572428072,4525.790644684592431122744133686731,0.000220955867937565890906416786946873,90794987.087824,20475.361463414850827045,192144
89,1637712000,10800913594022217428,1213163201334535885496942337000000,4265.016450000010561044590649885369,0.0002344656841827649981977102031072651,79856773.496144,18742.685579192818325892,192737
90,1637625600,21862385772101607745,1201814460870213249113839262229991,4345.945909897758979624974404728064,0.0002300995043961616190748336422868665,103921382.785338,24655.324299088562226954,192549
91,1637539200,9584137365526648412,1237624757311066876588660850808910,4098.087158404131754446587473241662,0.0002440162840239390708985669429670439,94801252.352081,22698.983667387988371582,193137
92,1637452800,10534438629040824238,1210230019851916377230426127721261,4285.715370237921138417204741227994,0.0002333332742870614577820198197085937,83212287.596042,19114.679151726072047585,192689
93,1637366400,22201304074563720249,1192655027259481842030769474932677,4412.954820424059247240415159023431,0.0002266055377163153975493249637473219,55599162.650622,12867.00940779028848217,192396
94,1637280000,11057759652521085499,1209413598849020765217502996577822,4291.50351258335720520423161745373,0.0002330185672848324910861743505928301,68380986.922423,16572.82946096775007168,192675
95,1637193600,9297065896039787082,1254421618000190144799068530557074,3989.074138327503606257361164699797,0.0002506847366891178708648600404944248,120230646.178039,29272.452020587011090616,193406
96,1637107200,11554164824808622250,1210651658264593358851345168116256,4282.730684190218796492447119658157,0.0002334958870263588802830053500769001,106615175.241425,25517.874607776935411491,192696
97,1637020800,8476944470514212804,1218607715699001584813825916000000,4226.990972918760749234982950896568,0.0002365749078734120041532056813483139,192965380.520208,44634.618567107000464588,192827
98,1636934400,22706590096765865273,1172079424741326042240247785905599,4569.251710626856096935287347560477,0.0002188542158170598792586729293746242,63688650.296442,13671.950173844569012056,192048
99,1636848000,20353433914312022970,1166001033040596955963089961150310,4617.015123141943649032637343880982,0.0002165901504172431543723251319590102,60059992.29795,13086.686859979895571989,191944
0,1636761600,17342519756709867361,1162195121296851800561523011474575,4647.303882285812299495560348941988,0.0002151785261582985355199182802496344,32577200.618237,7011.527576729392015251,191879
1,1636675200,19036293927082741906,1159763810798409423306760328334368,4666.809375000991545406049956399835,0.0002142791615523802131904628097126369,128100837.89798,27644.692761576070147966,191837
2,1636588800,17178211675960423500,1151311571299892483026473900711781,4735.582732721986170685515941134645,0.0002111672536286163996381635012301193,60764534.810149,12967.367141957972455869,191691
3,1636502400,17921666845518344376,1165179217230531983934489433987409,4623.530299630246194884539509483785,0.0002162849457437257806395112254795644,155695238.822965,33287.319907788942647254,191930
4,1636416000,19661632414161253637,1151218714482737374220525309630898,4736.346703753150673262067284878102,0.0002111331924260496632770151942326575,75853159.985381,15866.562121279275370117,191689
5,1636329600,23145792824786333628,1142829041320161359603227532056289,4806.14236822770310897106449435783,0.0002080670782061657145271503638379831,53734466.484604,11348.481733321138642431,191543
6,1636243200,21344324825000008675,1167007555358234506310841619624288,4609.054378226609838163208889149236,0.000216964244276233134022998044341014,49112854.83904,10703.046261356768950628,191962
7,1636156800,20445708867145355687,1179643751928553397110225415482517,4510.840010853489771746035407865617,0.0002216881994470895431414589170752252,68394359.64924,15416.197003749938840522,192177
8,1636070400,20966012222593559330,1184803340872110698995952969016258,4471.637887783013336144324209186072,0.0002236317038846337589127894631963953,60953207.425692,13542.603108777401130073,192264
9,1635984000,20219128151593164754,1177601102657151688910313420162539,4526.502454323815039225741254471889,0.0002209211217912359532946750875114387,86369258.210002,19132.872561214576975164,192142
10,1635897600,17796119299789700674,1168322517681987391175803366607825,4598.685114523061543312655333080282,0.000217453462260747095899380896600677,101169781.780292,22169.864102096354748169,191984
11,1635811200,16671348263009445850,1169939438727142781407477660748220,4585.982623754920183699790018565191,0.0002180557760555180571785101669236867,88908855.95754,20001.934905135176642635,192012
12,1635724800,10654586249641450402,1204991933219652481237412240131319,4323.056269269241589741913135552031,0.0002313178311160491673476905052490719,85208565.938955,19833.259857669106816295,192602
13,1635638400,9922057630051852819,1209602367496458652779663019291774,4290.164166491216293453664364288164,0.000233091313337285878823456600899883,83376739.509722,19371.712420415246052863,192679
14,1635552000,11464104929212503507,1205851147281086893305496919610319,4316.897785433387910670523459093877,0.0002316478289975556211552474065928683,81358097.00351,18803.161880766928052469,192616
15,1635465600,11914264242091881395,1193061079998256160161960952290969,4409.951474677769771263264525490243,0.0002267598647608858061392186714160123,102012943.495672,23422.100494015240412522,192403
16,1635379200,18922716849199533861,1211600346635793521922815326295539,4276.026516196130173048897695714959,0.000233861973543040725769776000118499,154398394.360591,37513.371968004979268923,192712
17,1635292800,19176776327428955731,1262497050156188934432192000402487,3938.205944365173548984677463333295,0.0002539227288077228436465459894953337,227969470.937516,56310.968892164901458659,193535
18,1635206400,18707319612873882745,1232803625200364784309922673486969,4130.202658250915038239130305796392,0.0002421188698821588755331005578055045,104052423.243748,24830.570465176059082091,193059
19,1635120000,17671514221027141287,1220826569765836247584141841352413,4211.639811499833403592751988980229,0.0002374372084881313113653192846457702,56295293.811177,13535.63099697514705447,192863
20,1635033600,17590512209167004542,1241061265579173670236364984166127,4075.423309853901862390600398437435,0.0002453732836984358760433758064321974,97171387.55511,23999.028974127568934995,193192
21,1634947200,17491761867609461256,1228953717724860347701318443780745,4156.120321381013381828792948234521,0.0002406090109700471174188176749104504,88284241.523454,21829.481691162915079608,192996
22,1634860800,18268198072071344584,1257072528442581395123313082717063,3972.267584805355748000543724359535,0.0002517453768283842314633700843715947,125924251.241609,31265.49638242254137336,193448
23,1634774400,17362143957124961687,1243030321545513714734653355939875,4062.521966188188355304480404832399,0.000246152515192006955172228374477029,232692420.763678,55662.924228387068303613,193224
24,1634688000,16600386434507782166,1229182070450560086856008264617385,4154.576248667873800768608492177048,0.0002406984347249952846601751869613473,108585556.633363,27054.802098566450523907,193000
25,1634601600,20612259222183694610,1272595506798050522777076636951296,3875.952056702883727774364803604401,0.0002580011273025548502480216948179884,73973409.563256,19411.298758663045730165,193694
26,1634515200,15632339467183919626,1294966024461375021436614557574375,3743.19471662173269801907936679157,0.0002671514777362448037200265445026418,116276647.431376,30785.293102254888068428,194042
27,1634428800,20077960090168650275,1278032057214512775143558393770755,3843.046793420919685798485452456736,0.0002602102065767046728765070428905735,97349728.86524,25637.547855757976296258,193779
28,1634342400,17223839480869018772,1278533588117103099165790247804194,3840.032357644508372889200176609803,0.0002604144722919481097972208624002402,96400319.404764,24758.936541824240778889,193787
29,1634256000,16146440899324422628,1275896388239313055365348803077419,3855.922987688565202983579996916294,0.000259341279167883603653452568287422,88528918.088047,23199.763241195875029705,193746
30,1634169600,15463205048025183316,1287243353301127609571029340705666,3788.243192246427522684373012815556,0.0002639746049162699563188174222970957,87963039.175402,23645.38614251855358908,193923
31,1634083200,17993452346267077738,1321326501271215494485560430797779,3595.330975489665454999499156698797,0.0002781385098666208832173728872670301,78483026.000968,22469.265554513706132654,194446
32,1633996800,17881079015904347547,1339794516483123278892399719287776,3496.89647695849784835535208488337,0.0002859678593830641104980046791068407,132201641.30715,37977.397841562688314213,194723
33,1633910400,15580255622984865669,1333090167129397589645044208637133,3532.157960838176271852735659060635,0.0002831130462134545541139772247765739,97926298.687341,27832.7293209490098722,194623
34,1633824000,16359517515865469776,1354881853515397098664551617277406,3419.450452445959046910810241761919,0.0002924446527028026845661383510622735,91270704.552333,25936.518528758860247826,194947
35,1633737600,18763342806032112992,1324018870566591169502059679194192,3580.723756625312928465539461712445,0.0002792731492201061290748120610951748,41601275.449814,11601.734675754933003694,194486
36,1633651200,18630961309873562367,1327876765625989803211536482051586,3559.947748216624466827326423188835,0.000280902999349065035079220484519936,95403124.009256,26447.620815172765131015,194544
37,1633564800,16806128685248723451,1321952015782955182530416676308891,3591.929339721018824287675779958382,0.0002784019131282991477346526108483309,132284346.414849,37067.686166074752869174,194455
38,1633478400,15298084866798568478,1323363126570318337443870819105508,3584.273228120458182927525413218326,0.0002789965876916101492036389586003451,158426125.246755,45163.539675072549080462,194476
39,1633392000,15371562950552810853,1335760331893173393004022355169741,3518.050614115487433638467793501754,0.0002842483266123848013073261291601266,75866473.824987,22014.872291942220784606,194663
40,1633305600,16120846323059296761,1361480646505529230531811824000000,3386.384152457383248253946442856717,0.0002953002243630080111982310692187401,135927407.341763,40459.455812721893991722,195044
41,1633219200,16884184375314446530,1354187036593051180038671928137140,3422.960309645799551617280680493854,0.0002921447839117590625683350986111033,91355145.487124,26703.023000847627686374,194937
42,1633132800,15731737423953727957,1361629020038555241342424065475971,3385.646179928742789215174598294125,0.0002953645912347068874562625743524646,92176132.912393,27407.004646417833348925,195046
43,1633046400,11848788162717168812,1379516676501965588647358548345156,3298.414703081683713258074087777647,0.0003031759466345173707250361208847528,107209718.819848,33790.719736137636686609,195308
44,1632960000,12099970856462133001,1446894265221672622547263943319863,2998.372436636854819614368390056307,0.0003335142718699938810901667550740667,91683625.02536,30704.262506708719747888,196261
45,1632873600,7637320225401965060,1485532851775470743221980921000000,2844.426045000004897002684839274558,0.0003515647741159669624619673524317934,63022648.908234,21945.892657235070781107,196788
46,1632787200,7284309039628570258,1497521845031727004086121919983331,2799.064039554367485009945502829706,0.0003572622797723512207480731126647823,106734899.493911,36919.795738131801040023,196949
47,1632700800,10383594138755433651,1462011438684812664539130785581239,2936.686768158061950556766779010118,0.0003405198030797191155260496877063678,106661818.393791,34832.856255785958647694,196469
48,1632614400,11971633955900964304,1432699834089328172004273401685948,3058.079322837125434809035476168747,0.000327002636109599833350251610813834,126390523.852611,43102.303735143279167614,196064
49,1632528000,10325848137046099261,1463046601130460119778624650000000,2932.532597793382835189231713593033,0.0003410021770098860135528772726702735,104443338.394439,35937.435047531387914514,196483
50,1632441600,10292329841271585217,1465523371241959709179267420551589,2922.62887093144976121121548887415,0.0003421577094327742281052147383306097,181960003.758417,62494.669940096214035698,196517
51,1632355200,10426732836024381609,1412290543191275056538137555534853,3147.103785660008357651887319364835,0.0003177524696060446936914357906423815,92097801.470966,29576.133866737304726917,195777
52,1632268800,7503483384222779838,1429788844086561955287103101936381,3070.544240942036142041718530314038,0.0003256751642481471703898564964970208,110316203.775319,37601.704772701448875101,196023
53,1632182400,8240713082684739374,1509190451910002022384413454634347,2755.948321907126775025863882926525,0.0003628515063402916702371119736750487,269760604.547762,93827.136234716766125441,197104
54,1632096000,7289049651248265718,1454750367472150001670752873841134,2966.075600805894376397299900389555,0.0003371458231638789237490748540077414,279443744.906896,90881.866024584510520784,196370
55,1632009600,13516212414800812043,1375114638310592144054927278492281,3319.566376562002298341552255241071,0.0003012441646175717521254178893160004,56478238.022046,16781.09022160741807017,195244
56,1631923200,11392683391477289026,1352846008596703754035011613000000,3429.749790000011393326123920843067,0.0002915664585549830088591538003792112,51396803.771788,14876.892047014006071589,194917
57,1631836800,9466834083289640694,1359556009725424130745074205686592,3395.978715228595111367358465395642,0.0002944659209775661182258739498173457,91887314.334719,26510.686955455134473937,195016
58,1631750400,10166188482650038027,1327044034901175918560687639778096,3564.416941261384048572108051375869,0.0002805507931533165995732680631412827,119896534.027782,33372.245695734728285988,194532
59,1631664000,12911221165540116348,1319487204792582694257491011000000,3605.361370000003806246288789079452,0.0002773647069946830168321278042698229,51261008.564081,14799.648028420609213039,194418
60,1631577600,10747760308058810157,1353977264838418866117449837980824,3424.02103057790589985711281587163,0.0002920542809374100450451217053608286,82279312.499979,24646.909265631511945869,194934
61,1631491200,10281457009244153427,1381761332842939599679446664314703,3287.706929459698717463144877425328,0.0003041633641488658649237803948076422,168252451.831019,51985.068129281624641265,195340
62,1631404800,9613169575889630289,1356335442479083746829088758754243,3412.12510821786685085787685231882,0.0002930724895143994877330915408978973,77257811.04193,22971.093492519859897769,194969
63,1631318400,11663381646802026066,1387871439030379946996127531794432,3258.822382032831892792148218639922,0.0003068593138163628912704911595603184,87325182.843206,26691.184292972649016216,195428
64,1631232000,10892071299318041305,1398700011655177749689870603378671,3208.558858446162029767549422593077,0.0003116664035529892357612615580913362,170272917.977776,51540.062813546492388035,195584
65,1631145600,10263577482634390810,1352845126464139030650611945000000,3429.754262788368058397652174469128,0.0002915660783192689905142889554702261,119334999.232964,34282.503783831953736366,194917
66,1631059200,8895557142988581009,1341173788598523132723150671922168,3489.70771178729818062896013291443,0.0002865569504925205566107813103601259,209843662.816601,61864.257656945351972655,194744
67,1630972800,8199917327712473861,1352645489981841565408425649000000,3430.766730000004515449539490181367,0.0002914800330945259819039398206883715,432659678.382835,122336.983617126498661065,194914
68,1630886400,19696269628674682445,1263746042311867453551844965707897,3930.425334201524516884678884943842,0.0002544253903765233175451477257370272,54269805.041437,13816.950436796489364577,193554
69,1630800000,29824624083610628255,1260184868790372727876569602127152,3952.670806319078176294655246944113,0.0002529934945256038853523382605615771,61809776.892986,15796.809543956622071169,193498
70,1630713600,22566140587138331831,1271023952765521985094761369899436,3885.542802553236452722074380845784,0.0002573642990994432206254515145916754,82847938.861331,21240.998296559498681451,193669
71,1630627200,19882664647706769587,1264098610940217221455914494751645,3928.233177025640068303409191187909,0.000254567372896426426972035165605472,152304692.413748,39244.404815368520410221,193560
72,1630540800,18166162543163968810,1285839534286659103264215977543781,3796.519358374476899323765395376968,0.0002633991573871919923599535793674698,142727013.612988,37681.040534331652123397,193901
73,1630454400,6809848923597614671,1279435801424606520262673077937448,3834.618554531510644715772592871153,0.0002607821314634445179225801136643236,152160504.362838,42593.451031882558813016,193801
74,1630368000,21401939705667353561,1352316261954366168131116295971116,3432.437407321190903090755313282009,0.0002913381604183248062214230820852582,220717513.080752,65865.280192504577244928,194909
75,1630281600,32769249203926190249,1394245107203406566651707515649950,3229.095647772724112409933160879879,0.0003096842302239489928843367017086692,134332974.541536,41412.435234139038317965,195520
76,1630195200,29809271742230611546,1393093724992655154406281929011155,3234.435503430265412711235919660765,0.0003091729604561459603079869283736588,90383674.631989,28087.927249284086007151,195503
77,1630108800,27427881027627164620,1392744445111395085067206933025980,3236.058004832527170328129445263056,0.0003090179466828661218482611267394991,40863413.688027,12611.616776247472199562,195498
78,1630022400,23790897827374130085,1385649443240254344440589715884371,3269.282308202373819019042370134936,0.0003058775308241439258218391653095099,97778816.876084,30895.257216403894104454,195396
79,1629936000,21855479462223546443,1421394045290780966658609960248743,3106.92081068789999853941705266142,0.0003218620817627440830799657920044802,122003604.691959,39032.246063567595152032,195906
80,1629849600,24931610977311950450,1395084613840055213764546275969360,3225.210533479906106374299805848654,0.0003100572783138686403426112945609743,119904438.746763,37807.669462720083080218,195532
81,1629763200,22524102814459499764,1404910186685250351036728211731828,3180.255735409954750786388946580077,0.0003144401215492482331245716917019725,114230395.526597,35261.218016429938024601,195672
82,1629676800,21820280635544915356,1373840005782659076333849500539157,3325.7289429536125238819745760648,0.0003006859600265228418495788024277486,90046694.920334,27110.377547419823830911,195225
83,1629590400,24468928893358638510,1391356408075332520641871751351754,3242.517900890252174278649637547832,0.0003084023066535559220657258313307952,86059413.370776,26876.431144703043297659,195478
84,1629504000,23740328926429520212,1392360553408533604608427485762258,3237.842696410373495867130582627851,0.0003088476166889292029550568942689224,77543918.51149,23746.008002375865087484,195493
85,1629417600,21960771007110051012,1383983374657040619994348235539159,3277.158308968190432516468373456136,0.0003051424147754549163083740521427733,105654603.880783,32594.148190709380187722,195372
86,1629331200,21494493547283408036,1406246316682538732362666828566234,3174.215234035539817196485721045906,0.000315038498107341510341768358455339,137962462.319399,45494.897805173479337032,195691
87,1629244800,21396954096915696145,1441452145127594602042825139990782,3021.055542477646081893725907812565,0.0003310101340208641243239403991931696,177912158.369349,58575.353894658037969344,196186
88,1629158400,21240041881573625081,1442888151755115224033728885145394,3015.045240164055059846012366059385,0.0003316699818227562851703485165685323,216281372.475766,69107.847693944510140253,196206
89,1629072000,22457706398877536642,1409875263811503140371050328571837,3157.895727169077808985927472984808,0.0003166665673589097296409435640328517,133255477.217534,41240.830177621269932077,195743
90,1628985600,19548708271870152057,1377297925161976259452878273704058,3309.05039293240006121103720012817,0.0003022015023209798555215991350208315,148302435.435474,46466.036403810916047425,195275
91,1628899200,21901730342766566875,1386287050902132263371395261663917,3266.27565807004599273873471191316,0.0003061590951545323558370369598733729,98001159.160036,29997.664742309141568392,195405
92,1628812800,42730328005870691432,1375029501702722282239506373314987,3319.977459189427542436398863023271,0.0003012068642912262386936703320330757,139474294.235396,43608.727921351443476424,195242
93,1628726400,29166341538057715675,1435491814016330041228174042786530,3046.19518270282501610817937819888,0.0003282783735192966196620205364942493,226052778.279519,73318.721683338293164912,196103
94,1628640000,22168773440441991295,1406751610593734870075482355157407,3171.935338192660007600271299847602,0.0003152649387139748352938418389272513,132721599.27813,41414.320665492066654984,195699
95,1628553600,22307120518404519562,1413404796361822068597009928772016,3142.143723059365588221549083432376,0.0003182540609652140537897678223566835,185914021.541748,59209.306945595104256113,195793
96,1628467200,20244715817339966861,1406759089149014486002413885027470,3171.901613255818444990937959908149,0.0003152682907379159481225924814020813,407681968.39457,132750.139879442185456137,195699
97,1628380800,20463423961188051100,1442779533834499757398295321799710,3015.499225356020793426788959287627,0.0003316200487108188088298195084208286,220432103.450722,71825.775991145871898133,196204
98,1628294400,18056097743608038255,1409558244071538261178423095595971,3159.316353617784468377270383548678,0.0003165241742425964270906880804956684,339540661.40664,111102.4748935155518517,195738
99,1628208000,20860661730049036768,1474487825212707938028196230002044,2887.199445104160337671669450635274,0.0003463563979605584194872568322954355,169949754.947802,60663.869372772224653647,196639
0,1628121600,20827239164938766701,1490584667933700704294106094731533,2825.178339675872550938916564628776,0.0003539599557154781731463479930814045,230568308.803538,85314.962643849255014819,196856
1,1628035200,27441966232699540635,1517185699186121978300631389814918,2726.978328606339477057654745446823,0.0003667062512048139472455316615108305,178364182.079275,68152.465767265853778721,197210
2,1627948800,15915695878514888606,1583332035088020751734087572514629,2503.889562873549558899843443888778,0.0003993786366729232637379184236379095,182409628.258958,72608.293438151023415211,198064
3,1627862400,34559109708127773069,1550017782092366986924736525742272,2612.677507619134889501369703316558,0.0003827491135372746445446978221673208,145344069.668023,55997.044760845949387863,197638
4,1627776000,26905409315458011332,1564646327336052056627355376739433,2564.051815707868792703340750638866,0.0003900077189836063070426253510813993,145381727.176962,55892.926119959913784938,197826
5,1627689600,14239088166795764821,1572020862537355155759050968181431,2540.051703019091543737466948008421,0.0003936927735807131313319015314142105,69467986.139363,28153.872703883473684877,197920
6,1627603200,14710230841355614893,1595766579734430972215675812000000,2465.019940179462446214374883368742,0.000405676231538798972602638661678673,100441222.462035,41943.231688559358517437,198220
7,1627516800,19345462571476417928,1624391054443877539119004261614985,2378.909875386436006749952144870525,0.0004203606073296734393977562229880116,66457802.349553,28615.605957009168348886,198576
8,1627430400,19396135914290509662,1653113447153718692440872148138621,2296.962210159214684030381150463312,0.0004353576195451141854719088982623808,130467806.995921,56826.457308997838235374,198926
9,1627344000,18961808438796603897,1654080811475112920804523035945956,2294.27630808861307214151472216649,0.0004358672913434350211090867339032,151841897.222687,67667.112150367563042098,198938
10,1627257600,17440042177230606350,1677407173599775337214861427828710,2230.910643643679324007196779428706,0.0004482474467765907674998223305114876,232177159.52948,100791.392183373056002863,199218
11,1627171200,21559340118204003879,1693174783931545188031121960512282,2189.553611845606460109741532566917,0.0004567140966953010630856246545194415,57578763.022776,26697.355030359474799695,199405
12,1627084800,15453156002458823947,1696269011595932477246094095247105,2181.572804476577713646176345879717,0.000458384885412948143508270761756618,80093980.320486,37100.046314685634583871,199442
13,1626998400,15463430393689965798,1720099236987273501094261486086490,2121.544575349239559782199212234093,0.0004713546967710467705814795945904636,78949308.846139,38400.943221748697131766,199721
14,1626912000,18038052620773066964,1762890940781545834725298664634985,2019.799570343247830373807725876835,0.0004950986299249773924138456739635291,121682859.045011,61073.637970315716898349,200212
15,1626825600,17278357639291797741,1773960463812476475848770624312944,1994.671095819311724742114167841666,0.0005013357851807892735160858685858375,171205540.473118,87845.726942814441691592,200337
16,1626739200,10936499289737329805,1874380546238418652325446833098557,1786.667062307029581441501814595644,0.0005597013685967616069856783177117555,92355960.361985,52265.281106932750768262,201439
17,1626652800,13384805042520235674,1856063560564058214940471083438918,1822.105330074501598064066040501276,0.0005488156933052340908338826438940111,55545659.590369,29919.378795242594776774,201242
18,1626566400,12960231330720054037,1818957197193787345124180409085718,1897.204771878207058829601822713608,0.0005270912317018966423799938726377647,63359773.242861,32725.229266449544063437,200838
19,1626480000,13978114740489798768,1818898281616798674037861766983933,1897.327677842955287782315836437081,0.0005270570875437213374355225561083495,75189207.811766,39931.19809960345512516,200838
20,1626393600,13543047249068411473,1829145728767253312226146811255178,1876.128379644176611902530932098116,0.0005330125650514696317291125656531692,77207596.231806,40589.10577271653934025,200950
21,1626307200,13945437021502106791,1811010521651997895073089998980241,1913.891089482511406980599032902773,0.0005224957707861974535252874536881025,110708123.038275,57043.316733130314680748,200751
22,1626220800,16429330601547979009,1774388031843039817923854231419362,1993.709913911280908781083400996727,0.0005015774827734038636312505122160059,94360032.683213,48650.053471949794123674,200342
23,1626134400,246053484835918214836,1799397837492200026241483700516365,1938.673969391754480371215422574127,0.0005158164888930463477156224283834868,97518518.443761,49118.865563612669453522,200622
24,1626048000,18407613501798702398,1756330099603972714764011577248875,2034.917838948150474144327667346634,0.0004914203319957626609659975455038157,80829114.935943,38970.305998196730001627,200138
25,1625961600,21889352259511375228,1711697740935082911029134798651505,2142.421966169742495809728539314437,0.0004667614577289909775025588793235205,58875122.421277,27710.375228301898934612,199623
26,1625875200,20231223697189104356,1722711396793176861167511586990137,2115.115626274590457613666464003397,0.000472787391657318829609386597344876,170954228.912168,80107.008031902274478085,199751
27,1625788800,23092565620439633956,1707451880473542964115443926961164,2153.090184351179302654242210939716,0.0004644487292116581490842006074904021,117571521.823512,55418.790895752553045772,199573
28,1625702400,17210863658908942646,1721741708195973824384973206870948,2117.498772433586822264900059690412,0.0004722552914874778160514373068257963,165349130.418462,75754.77197952293628825,199740
29,1625616000,17362617289906154228,1645386929349238333767849846131474,2318.585317878170098645629121187625,0.0004312974779444993143842409603556168,95518512.229318,40533.628502772966694405,198833
30,1625529600,16873937878783452950,1644703755454778034202954823034561,2320.511896977670630804130506070067,0.0004309393980278406669679786642059681,146196556.298849,63929.287549571107950343,198824
31,1625443200,15754133350305505436,1687383673260511449562797703900371,2204.608523558214434734898367286398,0.0004535952706859768283566615918348306,122491162.199837,54775.152908596310945179,199337
32,1625356800,16279348202310592571,1641964307602674364281904245104999,2328.26142507133553393061470242042,0.0004295050329107097709834832137410481,106074487.227048,45922.439414479689032439,198791
33,1625270400,18358038240622704048,1679779304634626187991889394506103,2224.614250119606464706022860129627,0.0004495161351889366726126728016906137,85023000.217196,38752.193803685800812805,199246
34,1625184000,18203133713175520328,1707172136086255933255561101295646,2153.795870943157708558431789898826,0.0004642965535829052947488333231702537,105495589.152246,50689.637244874499150074,199570
35,1625097600,15065679736870352885,1723442654621677659434756680629642,2113.321117215715574168845558645573,0.0004731888551407144219734885188784197,135209630.164343,62973.323740292436864612,199760
36,1625011200,16920652755539480338,1660382152101046663952219962257345,2276.895269065200650688007948585984,0.0004391945530329810832259324346084386,161844002.359542,74353.215503444174063474,199014
37,1624924800,15848577751073680822,1702540098321652705313738556611460,2165.531318606363952002896656370252,0.0004617804376265284697596560355031143,136007051.549691,62709.802758289206028467,199515
38,1624838400,14865177726420278607,1737342872650309900625502134511454,2079.639672076813428337148663413642,0.000480852531054747097825651419674776,180378594.283586,87507.531683435619699097,199920
39,1624752000,13907527018457021405,1782110006419756725259027697036743,1976.469650704920853149047361170411,0.0005059526209488435336144648838353167,116703508.017737,62546.940380583858805519,200429
40,1624665600,12165775756966715965,1853573069490925974713103206405470,1827.005040538364985182314922393261,0.0005473438648561851960228138590916381,135164819.890424,75918.617291641884892006,201215
41,1624579200,10481864356718234154,1858324058142889262511891137484914,1817.675145210037229464791958236122,0.0005501533112972435581795039249513113,155200573.135349,82876.113055603097192827,201267
42,1624492800,13002997582094385989,1777174977020697076727873485878476,1987.461791366015378010488664527468,0.000503154326963278852196521287413682,115259189.007183,58817.07286541655419791,200374
43,1624406400,13626746253916713757,1786845263716608376302899955916156,1966.007982399743020413991856266542,0.0005086449337705042633221128898471175,212464834.39457,107588.747225908831008481,200482
44,1624320000,10453429689810274323,1831593924384088570764979401307893,1871.116286606572557019506082379143,0.0005344403269631009797643602771841026,346952595.550713,186690.300216503235944572,200977
45,1624233600,14644970334744796343,1824133118554389395695273481394479,1886.453526873709622784809129722337,0.0005300952214058681793709075635285526,479216994.536174,238654.832238911338907857,200895
46,1624147200,26926904544549796989,1673389724223888290284305567349430,2241.635376856401034447063441370419,0.0004461028811038700484680566264666101,219717572.560429,102165.795124824977581283,199170
47,1624060800,32017959724016422952,1699611788749730673002277971975451,2172.999858155809745796765020305331,0.000460193311217555264636294855080924,154067557.955975,69286.713423049409281789,199481
48,1623974400,73575220748209140763,1676230891272536944518629369562791,2234.042791520105880348670960478914,0.0004476189998668609772450211952901348,181941290.999189,80552.101009975463751629,199204
49,1623888000,24675238876849251580,1627166697630547684417027823834604,2370.800843596564994955363323506823,0.0004217983989253920812246366939432364,154702875.572491,65096.992461238771465547,198610
50,1623801600,23366997162429373310,1630712645065457371019581086385643,2360.501548906542730295257691635445,0.0004236387815391313364750056362508699,171724584.447301,70295.944958886493084817,198653
51,1623715200,32372281017379685172,1568190816757174534383046319008331,2552.474163784999955970439870975831,0.0003917767373273330478949106489777281,170335405.47878,65994.848855322313197277,197871
52,1623628800,33580316635359095240,1561738980137504284788193127732628,2573.607225059554594784702845988293,0.000388559680071950173245119495596457,199623657.747035,78775.902632246141491164,197789
53,1623542400,42378070490535481956,1582938253133797034494222321726130,2505.135485338898920512408028708499,0.000399180006771058263387759495535392,194138850.838268,80422.293330748858779342,198059
54,1623456000,24859820773732446023,1625559951166619818675596200657182,2375.489884396221400434463159747477,0.0004209658001781683618057418553749523,189019615.188004,80713.277722448305691731,198590
55,1623369600,25774738956700020559,1634309734965667459646209790747615,2350.122130744547091599478699571317,0.0004255098009239153521247109188034356,230235715.539912,95042.70547615136016076,198697
56,1623283200,33083372532234933267,1593179270552176198614530701628092,2473.032782882006601472606884803774,0.0004043618050362545572493928481931008,261587311.705261,103684.737786947773421856,198188
57,1623196800,37210834041249597336,1553058043182132079109891800562103,2602.458382854887070917384352563894,0.0003842520620456584424195499080138949,395593772.009996,157199.787766266311264846,197677
58,1623110400,34545343879173484114,1580320725798798920011993912483748,2513.441003309226271540011819449574,0.0003978609399159909165205790452215827,501935218.798117,202779.377004811149796252,198026
59,1623024000,30489336161416042450,1558361356389332398039240670610689,2584.7754912482746658968805037438,0.000386880796179735712135997266353844,332778453.280536,122271.556598311745707079,197746
60,1622937600,35475134697041367656,1522807175824984755936730944626431,2706.882087468552787529156957876425,0.0003694287256284551787399091162891554,179193842.032257,66569.760105346002804802,197284
61,1622851200,33491085423902980979,1548427915773888446767887460540366,2618.045455863059610083802190285333,0.0003819643382281695361866352549369596,337537170.674766,126653.565125361584481974,197618
62,1622764800,32753331091811261575,1526567354379232319475432103689180,2693.563547039829957246142598172016,0.0003712553955146070713694780484932487,450967899.65297,169108.93922662530668085,197333
63,1622678400,29453349251820184068,1481861755966654579931680823289852,2858.536801220110536294321011193997,0.0003498293251194700570295274855189119,318379297.984594,113748.834679600432097929,196739
64,1622592000,36903546998826396328,1520549140990318573359922464147717,2714.927565585157036161898033172153,0.0003683339521378600007876127023501334,284533673.797172,105818.13899261216521033,197254
65,1622505600,30087891406336910071,1541982545398188543440061407882020,2639.97766160087618283989408369272,0.0003787910839342490403716346095370994,395160093.258762,151256.086653543817948012,197534
66,1622419200,26211540569489442223,1522364119776513585932199588721027,2708.457893128882652778142166199419,0.0003692137886052839395137987502050651,421304945.758199,168892.349193107176932988,197278
67,1622332800,30751756355438662139,1619983805175097335391242828869823,2391.871376009328442393043282417518,0.0004180826820497474525507135380759207,482360091.035663,205274.994477214901715379,198521
68,1622246400,23847754227664000076,1657645992326184102542458524744854,2284.418094741383708765793112326888,0.0004377482398261290371533918484873813,622741615.249264,261470.304518767914067612,198981
69,1622160000,72119463853548979971,1612459472048257681594939814011679,2414.246174544478395248271124380003,0.0004142079670846659528692670821046647,534789768.068641,212490.458843923149543621,198428
70,1622073600,19063825970416256263,1510423903678854333118455231244444,2751.449000447094881510110821749578,0.0003634448611758770243813759894944397,443057701.930427,160390.103147704330053189,197121
71,1621987200,22847396357546691049,1477768060666105978860799170218690,2874.396105967259799640810757274508,0.0003478991632099679334551285497438425,448083815.882848,161002.491594431582716142,196684
72,1621900800,13080604617147254263,1524976774616595340419755728002954,2699.185353294515542330543307358416,0.0003704821526166925846897583061719911,520272339.997627,201664.984126458060427066,197313
73,1621814400,10692258100265286531,1541555222222497633203885652922269,2641.441482009341933405135066635895,0.0003785811674462312846896068469237063,561382300.165308,233655.804211292387439404,197529
74,1621728000,7136761326887850300,1726613309077257086591852033591350,2105.566678314155277641239126416408,0.000474931528077116422687021424594244,651184739.741995,323563.6254555098947438,199796
75,1621641600,7404229256465911821,1656514859540799748094484627312787,2287.538938974925934858588887997134,0.0004371510285407916080794927517479036,355976880.671789,152076.480626855380227571,198967
76,1621555200,7296162629484298471,1606718262805486575983588064808869,2431.530419886748043829168286284668,0.0004112636189213608149491050131644438,532669260.033839,215262.222375368881182349,198357
77,1621468800,6907083188995815492,1503785852543522712314499875471959,2775.793650873606529494437201660686,0.0003602573266515242756387954344274162,561707613.955761,208971.863893496577931793,197033
78,1621382400,2821813738154212786,1600451596079097648136690842694928,2450.609313214308482194304446037445,0.0004080617806386949363355398623251656,702526446.753657,260772.910829424802811197,198279
79,1621296000,8902313216894495821,1361012518447325817120153017732099,3388.714085571164258417916082426655,0.0002950971887117620408651958009656415,236916665.47325,69631.921709566179008705,195037
80,1621209600,6898474977889318710,1383487419218739042056398820821728,3279.508335123501003672826152907909,0.0003049237561893074469246416459015819,333904147.929659,99359.45550851382499094,195365
81,1621123200,10481143859828363764,1324466441448281618211265609472823,3578.304130345055921567722960345822,0.0002794619919306775036003461551710467,339537614.289947,94237.550028107069592802,194493
82,1621036800,10589401771178358655,1313212695661801168443690808984871,3639.896394498256181490390992001238,0.0002747330944670598603367291033281418,234942906.409478,61418.237069474209638361,194322
83,1620950400,8699033796378476257,1239242074401611694826174263912812,4087.397428699548766482199282852145,0.0002446544573763557880596676117966287,155863563.597034,39309.283140452541515595,193163
84,1620864000,6956699215358408367,1299614308291244455730821589396448,3716.466301273218972386435824631473,0.0002690728016711496627748567434350094,380271562.106393,101071.882399892300794197,194114
85,1620777600,4771230145203908483,1290853546511769939767511026480189,3767.083293332023138547327396375606,0.0002654573637302003805053108488718117,191710872.147788,46650.331973205457084941,193979
86,1620691200,5330589070992083018,1226563881458819051808667553127619,4172.331663337270874308970666464513,0.0002396741392318132436807760026258123,134199644.141448,34236.037152039469472425,192957
87,1620604800,4577845258090457573,1262184160577979794802855238970601,3940.158712220405980034292995611913,0.000253796883079480796624117856532455,129216021.704286,32387.335961446465867705,193530
88,1620518400,8404745219049835475,1266792151643308985112645531287445,3911.545976891688858124896650909749,0.0002556533927781286848711489446796932,71767187.274653,18539.837016440380652474,193603
89,1620432000,2859338719003997565,1269384146045204251387745516772854,3895.588074723368092127569186620751,0.0002567006523324495984362574293243746,55167110.831948,14945.611573199650811336,193643
90,1620345600,7001203448949060276,1343900879993748838642232427695955,3475.559204038326061969278538912437,0.0002877234831269968756244090295352301,46758915.313789,13465.532167299296471365,194784
91,1620259200,4279909271094094376,1341916699499473734795588514038732,3485.844842712565069501977992086497,0.000286874501052615482768839138673042,44235486.646272,12666.546903748817369234,194755
92,1620172800,575252122972611853,1335160588655591739015622359057250,3521.211883200606281445133311198071,0.0002839931345145438364775306582221915,2287051.086556,656.46999752210524253,194654
93,1620086400,0,0,0,0,0,0,
