,Prices,amount0,amount1,timestamp,tick,id,origin,pool.token0.id,pool.token0.symbol,pool.token0.decimals,pool.token1.id,pool.token1.symbol,pool.token1.decimals,transaction.gasUsed,transaction.gasPrice,transaction.blockNumber
1,0.0005172820907480331,114,-0.058793261807785864,1654065135,200651,0xf1e9699a35a3d5702318edc8064cbe10394e6134e1a40192304828ec1bd82e3e#351300,0x10272e34e2952ba284587d9a02c5247ae326135f,0xa0b86991c6218b36c1d19d4a2e9eb0ce3606eb48,USDC,6,0xc02aaa39b223fe8d0a0e5c4f27ead9083c756cc2,WETH,18,1000000,26903071229,14883345
2,0.0005172823360021742,361732.8,-186.697070136184713249,1654064966,200651,0xa923b2e0382af44affadfccb2fc09ed0ce39e4b2d6d046b62d1d24ec48cc8b33#351299,0x8dfdfc470104a7afc12e175b2eef4025bdea3a64,0xa0b86991c6218b36c1d19d4a2e9eb0ce3606eb48,USDC,6,0xc02aaa39b223fe8d0a0e5c4f27ead9083c756cc2,WETH,18,273024,22603641472,14883332
3,0.0005180614298612788,99871.325572,-51.594986598963229895,1654064803,200666,0xb7cdb37089e637b9db3b52350e3df62555ba64b1b294e838de1c1b144cb7fb58#351298,0x6046945c5b5ef5933b8e73a98a6ad7bf3e031df7,0xa0b86991c6218b36c1d19d4a2e9eb0ce3606eb48,USDC,6,0xc02aaa39b223fe8d0a0e5c4f27ead9083c756cc2,WETH,18,900000,25555732852,14883315
4,0.0005182768410676311,3177.389052,-1.641837717340682403,1654064803,200670,0x0464d13006102e9d284e2db324946a5ee261e6faee078ea9b1a166fd423482ed#351297,0x2d15894fac906386ff7f4bd07fceac43fcf80c73,0xa0b86991c6218b36c1d19d4a2e9eb0ce3606eb48,USDC,6,0xc02aaa39b223fe8d0a0e5c4f27ead9083c756cc2,WETH,18,391344,28951264491,14883315
5,0.0005182836965431898,3019.899274,-1.560478874138187373,1654064723,200670,0xa3bf68374ef3734d3f526d6a8b29f8a8a2c6c563c71d6cc0f3c00b5f23da7fc3#351296,0xe880eb4c039ad4059e8dfc68fdb3bfcc102939e9,0xa0b86991c6218b36c1d19d4a2e9eb0ce3606eb48,USDC,6,0xc02aaa39b223fe8d0a0e5c4f27ead9083c756cc2,WETH,18,294922,30797029203,14883307
6,0.0005182902123478074,500,-0.258367941667071133,1654063559,200670,0x7af3634f82aa2c9383ff7826198824efa71b2112ea0ab19edece7dae5471075b#351294,0xae3cd2984107635271b255ff45ef89222b8051a8,0xa0b86991c6218b36c1d19d4a2e9eb0ce3606eb48,USDC,6,0xc02aaa39b223fe8d0a0e5c4f27ead9083c756cc2,WETH,18,314224,48610791009,14883224
7,0.0005182912988546521,107972.768022,-55.806093644377014468,1654063517,200670,0x25dc21a4bbaee79902030df81c70706b68f0ffc3d37d251356486e95b636eb1c#351293,0x6046945c5b5ef5933b8e73a98a6ad7bf3e031df7,0xa0b86991c6218b36c1d19d4a2e9eb0ce3606eb48,USDC,6,0xc02aaa39b223fe8d0a0e5c4f27ead9083c756cc2,WETH,18,900000,44722185989,14883221
8,0.000518526005210836,43326.10857,-22.400351883236657165,1654062553,200675,0x4bf21be47a1fde8610f8b9b839e47b301fe9c52ac38ddee1ac821b17fa4c4106#351291,0xe58c68679e7aab8ef83bf37e88b18eb1f6e30e22,0xa0b86991c6218b36c1d19d4a2e9eb0ce3606eb48,USDC,6,0xc02aaa39b223fe8d0a0e5c4f27ead9083c756cc2,WETH,18,975542,41305961854,14883172
9,0.0005186202321559045,189021.883511,-97.775238029928308946,1654062273,200676,0x36ea7225ab6ec5e8fd9e51a9294932de794d4d3f1f30e8ccf027ce8378a2128a#351290,0xeca2e2d894d19778939bd4dfc34d2a3c45e96456,0xa0b86991c6218b36c1d19d4a2e9eb0ce3606eb48,USDC,6,0xc02aaa39b223fe8d0a0e5c4f27ead9083c756cc2,WETH,18,264356,44142608839,14883154
10,0.0005190316233390012,68449.955753,-35.42619573234960553,1654062267,200684,0x2cd38b9c39cebfac84c56801b5fef8213ad36dfc0f3ea19558594079641d4f1f#351289,0x43e4715ae093a4c86b5ecddb52216c4f879e9672,0xa0b86991c6218b36c1d19d4a2e9eb0ce3606eb48,USDC,6,0xc02aaa39b223fe8d0a0e5c4f27ead9083c756cc2,WETH,18,900000,43043758697,14883153
11,0.0005191807199882868,-115247.940169,60,1654061636,200687,0x2e83b42c0ccb9eda71f4a076385c3e21fcc1cddd23eaf9d83e1f2c53bcfbcdf3#351288,0xf319be89b707b2d8383ec0d4561303db62a9385b,0xa0b86991c6218b36c1d19d4a2e9eb0ce3606eb48,USDC,6,0xc02aaa39b223fe8d0a0e5c4f27ead9083c756cc2,WETH,18,219318,44118877303,14883116
12,0.0005189289706713265,-5666.991396,2.949579688598682792,1654061628,200682,0xf6068b6148f02c7e3fbe77109d4a63b52b8d5cbb2536c30e49444a68a29cce0d#351287,0xa67bd28c1d7bd54f98bfc77fd6aee32ee4fc8ec0,0xa0b86991c6218b36c1d19d4a2e9eb0ce3606eb48,USDC,6,0xc02aaa39b223fe8d0a0e5c4f27ead9083c756cc2,WETH,18,302889,45501979426,14883115
13,0.0005189165963345232,-7685.366998,4,1654061587,200682,0x552987e5627de832cb5246541a5c86062876b30df2827a3a3b21235f5088409a#351286,0xd7a21e2b9eb8143e0ecd29869c77db33b3978c10,0xa0b86991c6218b36c1d19d4a2e9eb0ce3606eb48,USDC,6,0xc02aaa39b223fe8d0a0e5c4f27ead9083c756cc2,WETH,18,289059,50118877303,14883114
14,0.0005188998154175144,-243790.477705,126.818437499996952048,1654061546,200682,0x5cd5e1b667900f168505a096d4f38528a3be9ae35bd7988c617cc3f7aee14d79#351285,0x73f858acd93866902f59a8b53ab5f8ae1824c74b,0xa0b86991c6218b36c1d19d4a2e9eb0ce3606eb48,USDC,6,0xc02aaa39b223fe8d0a0e5c4f27ead9083c756cc2,WETH,18,252796,803921656500,14883112
15,0.0005183679236722712,-132393.633731,68.815959919386293931,1654061524,200671,0xf4ca831dfd3f2841f1071cff436f0d2b01afb527a9e8b3d4a3d2b1d4dc3d90cc#351284,0x0cac3d1a887206e0f6169222c4504301a8b4b993,0xa0b86991c6218b36c1d19d4a2e9eb0ce3606eb48,USDC,6,0xc02aaa39b223fe8d0a0e5c4f27ead9083c756cc2,WETH,18,900000,41059914263,14883110
16,0.0005180794154334527,221621.246353,-114.526161648462566408,1654059938,200666,0x3943d7af9011730791019cc94d4924a456e4a87d2b6e34484ea826689f20a9f0#351282,0x4603180bbb8221157880afaa84638e0fc467738d,0xa0b86991c6218b36c1d19d4a2e9eb0ce3606eb48,USDC,6,0xc02aaa39b223fe8d0a0e5c4f27ead9083c756cc2,WETH,18,276172,36524669017,14882993
17,0.0005185611437581103,172.906361,-0.08939356470431518,1654059722,200675,0x59be6905c710cd013ef4747c0ed46fa7a879b06ae6220cc5881267ea8005ede9#351281,0xd1e1cb24961d43d6cc25dc001b6332d6fa67888c,0xa0b86991c6218b36c1d19d4a2e9eb0ce3606eb48,USDC,6,0xc02aaa39b223fe8d0a0e5c4f27ead9083c756cc2,WETH,18,240992,48585344319,14882979
18,0.0005185615198593011,715.925872,-0.370138409037945131,1654059308,200675,0x78ef81861c7dd168d8c776fba09f4212972d627f418b0446f3eb5cd39f5171df#351280,0x08120733fa505613253aa53de025c0cec51271d5,0xa0b86991c6218b36c1d19d4a2e9eb0ce3606eb48,USDC,6,0xc02aaa39b223fe8d0a0e5c4f27ead9083c756cc2,WETH,18,366446,30307893883,14882955
19,0.0005185630771260536,1008.343306,-0.521322041194265847,1654058879,200675,0x56a6360cc148db9d06943e64fa69a36e31e2b464876768f20f6cac16c1ce52b3#351279,0x397268f4ba624d4878f1a11a617a88fc913ad59b,0xa0b86991c6218b36c1d19d4a2e9eb0ce3606eb48,USDC,6,0xc02aaa39b223fe8d0a0e5c4f27ead9083c756cc2,WETH,18,314508,27000000000,14882919
20,0.0005185652704648968,91983.783528,-47.565673150879567589,1654058795,200675,0x73e2d2d4c8b2ba4b360b584ef201390b91d9e995a9d3b811ebb70661c62be41d#351278,0x43e4715ae093a4c86b5ecddb52216c4f879e9672,0xa0b86991c6218b36c1d19d4a2e9eb0ce3606eb48,USDC,6,0xc02aaa39b223fe8d0a0e5c4f27ead9083c756cc2,WETH,18,900000,28109941581,14882909
21,0.0005187654112722797,-1832.946203,0.953726603841058778,1654058132,200679,0x5954e97ca788b62a7619b742f9c3d61d1f4c831abb0c41338d072d617c9a139b#351277,0x9c020435644c4d45410926bec50116aa8bf85542,0xa0b86991c6218b36c1d19d4a2e9eb0ce3606eb48,USDC,6,0xc02aaa39b223fe8d0a0e5c4f27ead9083c756cc2,WETH,18,644176,49234505275,14882852
22,0.0005187614099630828,750000,-388.515324062517326237,1654057376,200679,0x72217bae67371fe30941de5fcc7877b71c52b0e4566dd108a32d195f30697fb3#351276,0x3fdf3c4bf8783bb94295b9219df74a648f397360,0xa0b86991c6218b36c1d19d4a2e9eb0ce3606eb48,USDC,6,0xc02aaa39b223fe8d0a0e5c4f27ead9083c756cc2,WETH,18,1023643,45604289130,14882807
23,0.0005203993688873691,53,-0.027498426122881724,1654057212,200711,0x3a575abf66d65a31653c2aab9d19598dbf4b683a4f7227457f6ca6a8d291d25e#351275,0x5c11d16ea2a97ed1c7b3570aa9581d733c78c3e5,0xa0b86991c6218b36c1d19d4a2e9eb0ce3606eb48,USDC,6,0xc02aaa39b223fe8d0a0e5c4f27ead9083c756cc2,WETH,18,261463,42334485821,14882795
24,0.0005203994851419603,674.969572,-0.350200554313810438,1654057176,200711,0x69d97ecdc706bfe944b36ac8fd860ae5c43e947db3428ba539736e5ff2066332#351274,0x1f219cc48714c619c61746bf1822b3a2948a3bd4,0xa0b86991c6218b36c1d19d4a2e9eb0ce3606eb48,USDC,6,0xc02aaa39b223fe8d0a0e5c4f27ead9083c756cc2,WETH,18,261492,53957731877,14882791
25,0.0005204009656795502,75.265483,-0.039050731253002582,1654057106,200711,0xab497e1be3d9a5c9ebc83b68b77cf2b16ca79af09679fb843468cd5a80774a5d#351273,0xedd12f75de30c3aa505d2eae8898b197d57eb8ea,0xa0b86991c6218b36c1d19d4a2e9eb0ce3606eb48,USDC,6,0xc02aaa39b223fe8d0a0e5c4f27ead9083c756cc2,WETH,18,220394,47037195940,14882788
26,0.0005204011307738669,20900,-10.844232136078978774,1654056993,200711,0xc2fb8a10fe6ef59d314748a1cda5dfb46860e0a4f7520d6c76f25d5f28e8c5cb#351272,0x7e11a3883e901bdc0eef2b4e135f11e1fe57c1de,0xa0b86991c6218b36c1d19d4a2e9eb0ce3606eb48,USDC,6,0xc02aaa39b223fe8d0a0e5c4f27ead9083c756cc2,WETH,18,339921,30083242276,14882784
27,0.0005204469778197611,275000,-142.776301686920374176,1654056993,200712,0xada832cbd192f13f948bf05add7276f8f7d569eeb32cd3d3271b75a5d4c9aff2#351271,0xd282cecd9f9541b80beaf4c60bc1a52528096351,0xa0b86991c6218b36c1d19d4a2e9eb0ce3606eb48,USDC,6,0xc02aaa39b223fe8d0a0e5c4f27ead9083c756cc2,WETH,18,500002,28083242276,14882784
28,0.0005210648017650302,90129.740513,-46.831446308874950369,1654056972,200723,0xdf5b28841dc427f1f2a5d75ebcd5dbe84ae8b0620bc338974b6a099d67bb1230#351269,0xfb9779477e5b4834bf2bc02dd29b97b344d0f700,0xa0b86991c6218b36c1d19d4a2e9eb0ce3606eb48,USDC,6,0xc02aaa39b223fe8d0a0e5c4f27ead9083c756cc2,WETH,18,900000,29163400331,14882782
29,0.0005210507931787666,6374.357699,-3.311444555820457956,1654056972,200723,0x7b190a264aecd90f4284313812cfc5309b57fe04ccfb0051fa8351c931bb9177#351270,0x2f24ea96a32955e9e976c0d808b252e822887873,0xa0b86991c6218b36c1d19d4a2e9eb0ce3606eb48,USDC,6,0xc02aaa39b223fe8d0a0e5c4f27ead9083c756cc2,WETH,18,406279,28961400330,14882782
30,0.0005212629355743039,-210726.095589,110.12513089002910326,1654056614,200727,0xe141382100511a00ec6fe5a185a0d78523d4e1d455351fb85e1d78ceebc89399#351268,0x9cacc0df7ca15e4b9029ab352aa0af110717fb8f,0xa0b86991c6218b36c1d19d4a2e9eb0ce3606eb48,USDC,6,0xc02aaa39b223fe8d0a0e5c4f27ead9083c756cc2,WETH,18,267124,52012462121,14882745
31,0.0005207984768600526,-92887.207732,48.511550710563965869,1654056584,200718,0x43d20ef5b04e275990bd11b4bd70d0c8fccb96a7f8451f8ed53d09bfa467ee3d#351267,0xe3946ae13925541a74bc504fa495e6d261c1899d,0xa0b86991c6218b36c1d19d4a2e9eb0ce3606eb48,USDC,6,0xc02aaa39b223fe8d0a0e5c4f27ead9083c756cc2,WETH,18,521474,47773438154,14882744
32,0.0005205939424450596,-340702.08167,177.773089005235634176,1654056584,200714,0x298ed319d88f7180517fe76dc97c8b4b875b105550f13b8f2aca8046f9e279e7#351266,0x8dab36ee57328e700380d1fd6588bc3de5fe8ec3,0xa0b86991c6218b36c1d19d4a2e9eb0ce3606eb48,USDC,6,0xc02aaa39b223fe8d0a0e5c4f27ead9083c756cc2,WETH,18,268396,46273438154,14882744
33,0.0005190859695823639,-178198.988821,92.744147665054948676,1654056574,200685,0xfb6e88947e6c93c7d96167da60436935181ad4ebf0c4f53696e5372f68a12e3d#351264,0x1bf1c0d636343d62526f778a996584a029bc61eb,0xa0b86991c6218b36c1d19d4a2e9eb0ce3606eb48,USDC,6,0xc02aaa39b223fe8d0a0e5c4f27ead9083c756cc2,WETH,18,503999,41328365477,14882742
34,0.0005198447588284968,-346854.775224,180.721145658624559243,1654056574,200700,0x6b5b6ff97568e16cb96028b96c220921df4c87b975d25c7c74bc093d97ca280e#351265,0x0cac3d1a887206e0f6169222c4504301a8b4b993,0xa0b86991c6218b36c1d19d4a2e9eb0ce3606eb48,USDC,6,0xc02aaa39b223fe8d0a0e5c4f27ead9083c756cc2,WETH,18,900000,54283719489,14882742
35,0.0005186968184601326,-241703.297438,125.684062499982030005,1654056514,200678,0xe8581708850e657a921610069857e1c274e51ddf601cb623cdbd8ce2e2a37eb5#351263,0x23e85c1d8bfcd8bfde5128f6d47d671a3e52d359,0xa0b86991c6218b36c1d19d4a2e9eb0ce3606eb48,USDC,6,0xc02aaa39b223fe8d0a0e5c4f27ead9083c756cc2,WETH,18,252796,49000708662,14882740
36,0.0005181696855062431,-199036.162276,103.401562499995213032,1654056466,200668,0xd30c6064e78e8aac198f56bb1e51c85d5e237f4557ec7cf4ed1cff854cff79fc#351262,0xf50814d1e060ef124f052f6c7df8a2a0aadadd83,0xa0b86991c6218b36c1d19d4a2e9eb0ce3606eb48,USDC,6,0xc02aaa39b223fe8d0a0e5c4f27ead9083c756cc2,WETH,18,267404,37322402281,14882739
37,0.000517736208772017,-50073.237858,26,1654055431,200659,0x038d3493e06246166c9f54561769096a303d05b0e709ac43c1f54b02b9e76ad4#351260,0xcfed8383fab1849fed25a0b28012e57765faf234,0xa0b86991c6218b36c1d19d4a2e9eb0ce3606eb48,USDC,6,0xc02aaa39b223fe8d0a0e5c4f27ead9083c756cc2,WETH,18,332455,39026988475,14882661
38,0.0005175903202104774,-809.019596,0.42,1654053510,200656,0x7223086b69e9857aa0278c1aeb61f1f5fb85500f9cf354f1034830822697c330#351258,0xd50afa0adb69af25eb66625ce9d842855d6c4072,0xa0b86991c6218b36c1d19d4a2e9eb0ce3606eb48,USDC,6,0xc02aaa39b223fe8d0a0e5c4f27ead9083c756cc2,WETH,18,293005,50854344150,14882528
39,0.0005176272409398876,-16969.515076,8.81,1654053510,200657,0x25bbbfc78c55fc4d3631c4cf2d8f10c1dc4fdc5fa8bca5e1559660ca01ce66a2#351259,0x3841ce1df8e99708ecca3867d2fde84696c424a6,0xa0b86991c6218b36c1d19d4a2e9eb0ce3606eb48,USDC,6,0xc02aaa39b223fe8d0a0e5c4f27ead9083c756cc2,WETH,18,197955,50854344150,14882528
40,0.0005175885601177816,-131502.241431,68.25,1654053503,200656,0x2c25cc3024ed9f9b70c2d2cc213366ebbc358f7a94d1fd0bb7f2d27d7d75b97c#351257,0x69f82cf1ff36a87f98967a40366cb5730a862e90,0xa0b86991c6218b36c1d19d4a2e9eb0ce3606eb48,USDC,6,0xc02aaa39b223fe8d0a0e5c4f27ead9083c756cc2,WETH,18,617008,48940472022,14882527
41,0.0005173025848101987,-19513.609813,10.124400145972843252,1654053498,200651,0x7695a29e39f79f26d53854cbb577dce3f5c3159830fa61f671cc1fd120a3fa59#351256,0xe92f359e6f05564849afa933ce8f62b8007a1d5d,0xa0b86991c6218b36c1d19d4a2e9eb0ce3606eb48,USDC,6,0xc02aaa39b223fe8d0a0e5c4f27ead9083c756cc2,WETH,18,808431,55761708332,14882526
42,0.0005172601691462491,-289.119672,0.15,1654053484,200650,0xebe6a28030dc7cf216168a7221c41cda3405768a01b72b13e753644f31b3b460#351255,0xcc3b12b411a68937617cf38189231f66b9905f4f,0xa0b86991c6218b36c1d19d4a2e9eb0ce3606eb48,USDC,6,0xc02aaa39b223fe8d0a0e5c4f27ead9083c756cc2,WETH,18,174566,54168330328,14882525
43,0.0005172595407418849,-301706.888375,156.431191696882008004,1654053456,200650,0x4943a4403509799f6ac7483707dc418f625581b198d630e40ffda35cd7179ed6#351254,0xe1a7775191a44db2cff011c7b6a0e6aef1a7255d,0xa0b86991c6218b36c1d19d4a2e9eb0ce3606eb48,USDC,6,0xc02aaa39b223fe8d0a0e5c4f27ead9083c756cc2,WETH,18,302796,1043197623024,14882523
44,0.0005166041169962902,-172.934801,0.089607620830757875,1654050950,200637,0x82c524e004ff9f360809b8ed697bc31e3724841409a0daf68d8a546cea6ab65e#351251,0xbdc0aa3d506f559bf015a85ca48d155e7b33be23,0xa0b86991c6218b36c1d19d4a2e9eb0ce3606eb48,USDC,6,0xc02aaa39b223fe8d0a0e5c4f27ead9083c756cc2,WETH,18,345856,39840227093,14882370
45,0.0005166037408464418,-100000,51.804915644993320662,1654050437,200637,0xa72ff2fdf1155480bd92acd380f4ad2bd2226642c3178bf8e98dca4c99139c0a#351250,0xd282cecd9f9541b80beaf4c60bc1a52528096351,0xa0b86991c6218b36c1d19d4a2e9eb0ce3606eb48,USDC,6,0xc02aaa39b223fe8d0a0e5c4f27ead9083c756cc2,WETH,18,500002,61722339031,14882333
46,0.0005163863000000001,-97561.060883,50.52041370104155693,1654050437,200633,0x6cfaaa2a39a6199584639baa10a0f3f461256071c030f4de5250c5488f25a2b3#351249,0x55961e9fc41c07c13ec0c7103b3d34c0ae32c2eb,0xa0b86991c6218b36c1d19d4a2e9eb0ce3606eb48,USDC,6,0xc02aaa39b223fe8d0a0e5c4f27ead9083c756cc2,WETH,18,160781,120727935612,14882333
47,0.0005161742946777023,-849.869486,0.44,1654050190,200629,0x563026d6100d91333d369e2b87357c5e1a9c2665187c827684a1d2b2792e7e6d#351247,0x13f3dbda51105ec350e0310b710c0fa695a9d2d3,0xa0b86991c6218b36c1d19d4a2e9eb0ce3606eb48,USDC,6,0xc02aaa39b223fe8d0a0e5c4f27ead9083c756cc2,WETH,18,174528,37131203772,14882316
48,0.0005161724523222519,-87095.363578,45.083256627922288839,1654050182,200629,0x3829b4f74c0188ed4f5008e12c40bbbcbec7dae503294dd96e99158ea2e0aac7#351246,0xff82bf5238637b7e5e345888bab9cd99f5ebe331,0xa0b86991c6218b36c1d19d4a2e9eb0ce3606eb48,USDC,6,0xc02aaa39b223fe8d0a0e5c4f27ead9083c756cc2,WETH,18,900000,37097798053,14882315
49,0.0005159836984234517,-323868.859717,167.5,1654050051,200625,0x609fed8a257c8b5b6d9b1824e3900cc5ff2fe03ba99720e0ae6ce2142a6155fe#351245,0xbb190d8bf92934af47582f16e9700aaa73b8eb94,0xa0b86991c6218b36c1d19d4a2e9eb0ce3606eb48,USDC,6,0xc02aaa39b223fe8d0a0e5c4f27ead9083c756cc2,WETH,18,770300,37951904708,14882304
50,0.0005152827143138558,-1888.755719,0.9761678207640685,1654050002,200612,0x9b5d1cdb18f1ad970db71c69abe1f2af8ad426aaac7b2c8d78ecf5481828bf03#351244,0xd00750bfa24f8a4c8eb9d22fa9e6b54f3d8a11c6,0xa0b86991c6218b36c1d19d4a2e9eb0ce3606eb48,USDC,6,0xc02aaa39b223fe8d0a0e5c4f27ead9083c756cc2,WETH,18,324188,36296968743,14882301
51,0.0005152786304678101,-695.978494,0.359701426339998701,1654050002,200612,0x39fd04e9d0f3706de71c0c6b886ad6e5369291226c0f00fd94d51ae67de979ad#351243,0x2a368d00c25a5d44fb828276c97ddf4e2a05d674,0xa0b86991c6218b36c1d19d4a2e9eb0ce3606eb48,USDC,6,0xc02aaa39b223fe8d0a0e5c4f27ead9083c756cc2,WETH,18,267954,36796968743,14882301
52,0.0005152771256432984,-500,0.258413533150602659,1654050002,200612,0x2f665d6821ae4a997e78b72228e0529ebfc62e2fa742dc0731759ed5aaa7b451#351242,0x234f27271f1199698feec86938d4ffc091b90c3e,0xa0b86991c6218b36c1d19d4a2e9eb0ce3606eb48,USDC,6,0xc02aaa39b223fe8d0a0e5c4f27ead9083c756cc2,WETH,18,174201,36796968743,14882301
53,0.000515276044561872,-5804.726336,3,1654049941,200612,0xadd5e404fc2aa017eb1460005950430698444bf4334f429dbb9cafeb18fd611b#351241,0xe54c393e34ab862237145a693d3eebdcf6267a7a,0xa0b86991c6218b36c1d19d4a2e9eb0ce3606eb48,USDC,6,0xc02aaa39b223fe8d0a0e5c4f27ead9083c756cc2,WETH,18,339834,32955766904,14882298
54,0.0005152634940472403,-580.480409,0.3,1654049941,200611,0x33a2ced8fd9e82cd6b64eeb9900d3efd47592106731fc4eedbda02c1e8775758#351240,0x817988c5de46c66895ef071346720a36a6aaf99f,0xa0b86991c6218b36c1d19d4a2e9eb0ce3606eb48,USDC,6,0xc02aaa39b223fe8d0a0e5c4f27ead9083c756cc2,WETH,18,174508,32955766904,14882298
55,0.0005152622390041837,-694.924796,0.359145420363639515,1654049865,200611,0xcb73ab19bd1d6c4ec682d3c3679e95a28e90e0a539dd78d4cb78518fcfaa0ef7#351238,0xc03c4476fbe25138bf724fa1b95551c6e6b8fd2c,0xa0b86991c6218b36c1d19d4a2e9eb0ce3606eb48,USDC,6,0xc02aaa39b223fe8d0a0e5c4f27ead9083c756cc2,WETH,18,262320,41895722899,14882291
56,0.000515260735146199,-4750.096825,2.454878604274063568,1654049831,200611,0xb367a78714fd0a0be8f6aabc824525324209ed995b3d808b4fdbbd4345e7098c#351237,0xeca2e2d894d19778939bd4dfc34d2a3c45e96456,0xa0b86991c6218b36c1d19d4a2e9eb0ce3606eb48,USDC,6,0xc02aaa39b223fe8d0a0e5c4f27ead9083c756cc2,WETH,18,900000,40807154698,14882288
57,0.0005152504558346034,-142779.449607,73.766424870466322432,1654049816,200611,0x88d7506d0682405b9734c9431a28e988095ab5359779ed7a04cae711cde030b3#351236,0x5b9f3e16d980eb14d0f54dc15aa79af6a983f269,0xa0b86991c6218b36c1d19d4a2e9eb0ce3606eb48,USDC,6,0xc02aaa39b223fe8d0a0e5c4f27ead9083c756cc2,WETH,18,252796,44763384214,14882287
58,0.000514941621563549,-162922.670348,84.119337456603759828,1654049736,200605,0x25740ba0721a2bda325b7f927a4e16d120cd1581a8de2ba1526eb8fbff37aa0c#351235,0x1c8f6a5f009e051cab9c3851ca2da2c936b2775a,0xa0b86991c6218b36c1d19d4a2e9eb0ce3606eb48,USDC,6,0xc02aaa39b223fe8d0a0e5c4f27ead9083c756cc2,WETH,18,900000,35579879032,14882282
59,0.0005145895562472875,-1895.55448,0.97836375,1654049628,200598,0x2efcd6d181daedd2fd4f5f372c86a4f86c398de2559e060cfe22b2aa25fe47c1#351234,0x2c15685912d82dcb20b903019f88a8be6a31f23e,0xa0b86991c6218b36c1d19d4a2e9eb0ce3606eb48,USDC,6,0xc02aaa39b223fe8d0a0e5c4f27ead9083c756cc2,WETH,18,377116,28242309141,14882274
60,0.0005145854622021652,-99527.914823,51.359,1654049576,200598,0xddbee0917b470669d45a5426edca95fdaeb7d70c7ba833a5c19297f0b2cfadeb#351233,0x4bd347c158217ce1ce00626355597616ad289a77,0xa0b86991c6218b36c1d19d4a2e9eb0ce3606eb48,USDC,6,0xc02aaa39b223fe8d0a0e5c4f27ead9083c756cc2,WETH,18,367459,50000000000,14882269
61,0.0005143705690287728,-9691.653581,5,1654049570,200594,0x5ff8f6e56fa359c08512a0bd45d1dc5f8e0cdc551f794cef1e54719506d803f0#351232,0xbe88a02e13998bb0d47bc8749a191719ea45d12b,0xa0b86991c6218b36c1d19d4a2e9eb0ce3606eb48,USDC,6,0xc02aaa39b223fe8d0a0e5c4f27ead9083c756cc2,WETH,18,530956,29767627031,14882268
62,0.0005143496507331459,-94494.609165,48.739854640032828685,1654049522,200594,0x9fb9cacd9b46b542f8f4ef401c45738265fbb03a23a9303fb6eb863932c10205#351231,0xeca2e2d894d19778939bd4dfc34d2a3c45e96456,0xa0b86991c6218b36c1d19d4a2e9eb0ce3606eb48,USDC,6,0xc02aaa39b223fe8d0a0e5c4f27ead9083c756cc2,WETH,18,900000,31732738178,14882264
63,0.0005141457620781195,-125000,64.444706974268901252,1654049522,200590,0x3feabfc9cb7f0ddec96066bf8f0d2ffdf6174c526bc2723396a39a22ed1c2e9b#351230,0xd282cecd9f9541b80beaf4c60bc1a52528096351,0xa0b86991c6218b36c1d19d4a2e9eb0ce3606eb48,USDC,6,0xc02aaa39b223fe8d0a0e5c4f27ead9083c756cc2,WETH,18,500002,24068801912,14882264
64,0.0005138762389067345,-31.950402,0.016467955540651073,1654049461,200584,0xac1aab246c1ee98149bc9d6c35a0a678c19abea8f571ce05e3f19c986647c29b#351229,0xff69ff242fa1690c9c9201446aa973517d4977fa,0xa0b86991c6218b36c1d19d4a2e9eb0ce3606eb48,USDC,6,0xc02aaa39b223fe8d0a0e5c4f27ead9083c756cc2,WETH,18,365574,19960823933,14882261
65,0.000513876170042838,-67835.84364,34.959142545420835188,1654046634,200584,0x298da950fa49a8bc6c7dba582e360d70722c0bc9fc1bde85f6a11870e34df6d6#351227,0xbb4452482320bea8787458b31f71906c6862d2ca,0xa0b86991c6218b36c1d19d4a2e9eb0ce3606eb48,USDC,6,0xc02aaa39b223fe8d0a0e5c4f27ead9083c756cc2,WETH,18,724668,46731515674,14882042
66,0.0005137299921225756,-99903.51165,51.4675,1654046605,200582,0xad748d311b0cd4a1840de8bf49c4dd2f7e0d30c5cbb24c8faa1cdee26109b915#351226,0x4bd347c158217ce1ce00626355597616ad289a77,0xa0b86991c6218b36c1d19d4a2e9eb0ce3606eb48,USDC,6,0xc02aaa39b223fe8d0a0e5c4f27ead9083c756cc2,WETH,18,367060,60000000000,14882041
67,0.0005133716074399744,-232238.498357,119.534381443285761022,1654046605,200575,0x746f25c414102e11c02241756b7388cdb5245d4e29634b978c79e76d771e67a8#351224,0xad3019dfb0094626a779d56077a35e52591ebca1,0xa0b86991c6218b36c1d19d4a2e9eb0ce3606eb48,USDC,6,0xc02aaa39b223fe8d0a0e5c4f27ead9083c756cc2,WETH,18,252796,44049649102,14882041
68,0.0005135316322296258,-88242.519255,45.444597692795330966,1654046605,200578,0x2d79ea934f0401a599cc5fdfebb0088681255bb80d4798702772431827b40140#351225,0xfb9779477e5b4834bf2bc02dd29b97b344d0f700,0xa0b86991c6218b36c1d19d4a2e9eb0ce3606eb48,USDC,6,0xc02aaa39b223fe8d0a0e5c4f27ead9083c756cc2,WETH,18,900000,66183291496,14882041
69,0.000512950808169915,-128049.583513,65.865892704767484886,1654046528,200566,0xf7f9dc6d78f6985e161482962e81dec429ccde11130407ffb2266a6bc3fc8396#351223,0x4603180bbb8221157880afaa84638e0fc467738d,0xa0b86991c6218b36c1d19d4a2e9eb0ce3606eb48,USDC,6,0xc02aaa39b223fe8d0a0e5c4f27ead9083c756cc2,WETH,18,900000,28864517698,14882038
70,0.0005127190128786352,1134,-0.579680247078146542,1654045646,200562,0x2f90c2f53f689b507792642d043c18c896e31ee3043446ec26b0dcd13a2fb220#351221,0x0e39081c8d331cca5ec9fa0de7a3463ee2e3e9e5,0xa0b86991c6218b36c1d19d4a2e9eb0ce3606eb48,USDC,6,0xc02aaa39b223fe8d0a0e5c4f27ead9083c756cc2,WETH,18,500000,38277868861,14881957
71,0.0005127210587990083,656106,-335.781979592885615748,1654044931,200562,0x4e2700049a51a154661a32e457b23fae13b9e1409a2491e9ec9865c952c95ea6#351218,0xf50814d1e060ef124f052f6c7df8a2a0aadadd83,0xa0b86991c6218b36c1d19d4a2e9eb0ce3606eb48,USDC,6,0xc02aaa39b223fe8d0a0e5c4f27ead9083c756cc2,WETH,18,302796,35830859775,14881906
72,0.000513960275611353,172962.009488,-88.660982009502650643,1654044926,200586,0x7f1bda180f3f89982f457b8fac476b5e34ec01f508317121b168cd14d7ad3a9d#351217,0xa5a13f62ce1113838e0d9b4559b8caf5f76463c0,0xa0b86991c6218b36c1d19d4a2e9eb0ce3606eb48,USDC,6,0xc02aaa39b223fe8d0a0e5c4f27ead9083c756cc2,WETH,18,900000,35937264236,14881904
73,0.000514332253919782,4800,-2.461413149012734154,1654044674,200593,0x24b529e80416c256d55606f51474b83dd2c09ef3dec096b9224e8296a00383ac#351216,0x6935b52c7a23f436750b043829eac73ea795cdc5,0xa0b86991c6218b36c1d19d4a2e9eb0ce3606eb48,USDC,6,0xc02aaa39b223fe8d0a0e5c4f27ead9083c756cc2,WETH,18,472990,53348167903,14881879
74,0.0005143425827305076,74518.000715,-38.218755198035320019,1654044500,200594,0xadcb3c5ad36bdd5892ef69af7e27bf0105cfc8f5a297854f073649656216e106#351215,0xa175b25ab390b3df7d305149dff9c2fbd89eeee0,0xa0b86991c6218b36c1d19d4a2e9eb0ce3606eb48,USDC,6,0xc02aaa39b223fe8d0a0e5c4f27ead9083c756cc2,WETH,18,326245,52620467681,14881868
75,0.0005145029731318448,262.995852,-0.134906285333999629,1654044383,200597,0x8d976de51c8a9609635bb6249ceef5b5bc9ef9b33694d3ad89d6ffb9ee6d581c#351214,0x1c6e80d3371d7912ecbbef792015a67faa2408dc,0xa0b86991c6218b36c1d19d4a2e9eb0ce3606eb48,USDC,6,0xc02aaa39b223fe8d0a0e5c4f27ead9083c756cc2,WETH,18,219307,41895569672,14881866
76,0.0005145035393294007,372693.2,-191.325908303816079737,1654044010,200597,0x5da41e206f48cc5f8a00564b85a46e33d8f9aa3afbdba6822285dbf247ed6bf6#351212,0xd2006fcc22df4a674839b357ba1525ccb05efe92,0xa0b86991c6218b36c1d19d4a2e9eb0ce3606eb48,USDC,6,0xc02aaa39b223fe8d0a0e5c4f27ead9083c756cc2,WETH,18,267770,83337210824,14881838
77,0.000515306886691775,149131.588843,-76.641922315202223131,1654043752,200612,0xca756c374cdb996ba147de6ee994df593a8e511fe1c00b6b1456685dd9c134ce#351211,0x76e40d0a69fd81826b5eb7d18145626d46eafdef,0xa0b86991c6218b36c1d19d4a2e9eb0ce3606eb48,USDC,6,0xc02aaa39b223fe8d0a0e5c4f27ead9083c756cc2,WETH,18,900000,64808443463,14881824
78,0.0005156288698562396,100419.62585,-51.634781185512200508,1654043709,200619,0xbb777e65e983862076f3072f20f7356b8cbc67200e5650db68f67593eee9f0b6#351210,0x4bd347c158217ce1ce00626355597616ad289a77,0xa0b86991c6218b36c1d19d4a2e9eb0ce3606eb48,USDC,6,0xc02aaa39b223fe8d0a0e5c4f27ead9083c756cc2,WETH,18,435048,120000000000,14881823
79,0.0005158458513087844,184819.28369,-95.089064694644694036,1654043709,200623,0x7c3d769054b537418bcb540f3257129ebc881002f932202fdfd2dbe30c6110bc#351209,0x55961e9fc41c07c13ec0c7103b3d34c0ae32c2eb,0xa0b86991c6218b36c1d19d4a2e9eb0ce3606eb48,USDC,6,0xc02aaa39b223fe8d0a0e5c4f27ead9083c756cc2,WETH,18,165101,332310336655,14881823
80,0.000516245557272515,269934.499977,-139.013065920613037769,1654043526,200630,0x3bea1bae6ac9a757b28cbbfc2bdc955a6a26cc7e73943840cdb58a20835443e5#351208,0xb1520b468ec6a426b65509fd8b65feb10ec4d926,0xa0b86991c6218b36c1d19d4a2e9eb0ce3606eb48,USDC,6,0xc02aaa39b223fe8d0a0e5c4f27ead9083c756cc2,WETH,18,302796,57313782104,14881810
81,0.0005168298663622328,67914.669207,-35,1654043390,200642,0xc93206f1e40769e138608c2631e0569f391f5ac946a3d9c0e00afe210e929011#351207,0x28e666846b449287b955eb3d344b8079680cad29,0xa0b86991c6218b36c1d19d4a2e9eb0ce3606eb48,USDC,6,0xc02aaa39b223fe8d0a0e5c4f27ead9083c756cc2,WETH,18,212876,53172691445,14881798
82,0.0005169767239451371,-242247.222722,125.549161260257130099,1654043013,200645,0x4b75e7533ad37c81ab02608f226033ae368e447e8bd2e45ff3fe6a47786e0b4d#351206,0x9aab3f81604c683a1a0d14019fbfe15bef7aa1ee,0xa0b86991c6218b36c1d19d4a2e9eb0ce3606eb48,USDC,6,0xc02aaa39b223fe8d0a0e5c4f27ead9083c756cc2,WETH,18,900000,51768832333,14881773
83,0.0005164509182342037,-161177.348649,83.46237740449932332,1654043006,200634,0xf3bcb21ce6501797830b44bca07a5e4efe916f2ba10e1e1dcf8974f9040f3248#351205,0x43e4715ae093a4c86b5ecddb52216c4f879e9672,0xa0b86991c6218b36c1d19d4a2e9eb0ce3606eb48,USDC,6,0xc02aaa39b223fe8d0a0e5c4f27ead9083c756cc2,WETH,18,250002,49192568320,14881772
84,0.0005161010594005518,-324.097459,0.167770239186679829,1654042990,200628,0xf4503e5b029b40928ed52c79fc126280f1138dd287b47abdec4cf42d859dd65d#351204,0xfa0eb5383879b7286b5480db9dc8164b0d71cfc4,0xa0b86991c6218b36c1d19d4a2e9eb0ce3606eb48,USDC,6,0xc02aaa39b223fe8d0a0e5c4f27ead9083c756cc2,WETH,18,291369,50352930388,14881771
85,0.000516100356258153,-193836.290655,100.299135179872886353,1654042990,200628,0xa992362e3a97129ed6ac70af91601c79453ffbbac2569efa1e21d90b642f322a#351203,0x55961e9fc41c07c13ec0c7103b3d34c0ae32c2eb,0xa0b86991c6218b36c1d19d4a2e9eb0ce3606eb48,USDC,6,0xc02aaa39b223fe8d0a0e5c4f27ead9083c756cc2,WETH,18,154509,339041991755,14881771
86,0.0005156800779640003,267518.9,-137.61742947881074815,1654042589,200620,0x15deb6243adfac0c8607bca27ed0bc3145bfc317789486a59ccf0773c022f895#351201,0xae465fc293ae122d5609dbbfdb8990fe1a0d6643,0xa0b86991c6218b36c1d19d4a2e9eb0ce3606eb48,USDC,6,0xc02aaa39b223fe8d0a0e5c4f27ead9083c756cc2,WETH,18,269850,53579256661,14881746
87,0.0005162585681624805,-242865.152204,125.69431188765576827,1654042407,200631,0x06481154c8229ab709214ea609f82d0677ef93ae131618caff9ec4d25ff8fa53#351200,0x43e4715ae093a4c86b5ecddb52216c4f879e9672,0xa0b86991c6218b36c1d19d4a2e9eb0ce3606eb48,USDC,6,0xc02aaa39b223fe8d0a0e5c4f27ead9083c756cc2,WETH,18,261734,60576372773,14881732
88,0.0005157317700301581,-204577.102637,105.778911917098450944,1654042338,200621,0x57f0d7eeb4fe5c2f60682b29b9e9735e271e903fcddd7ea4ea08516ea0dbc223#351199,0xbffa506cac8e6a74ef7e253ff6876881a457c892,0xa0b86991c6218b36c1d19d4a2e9eb0ce3606eb48,USDC,6,0xc02aaa39b223fe8d0a0e5c4f27ead9083c756cc2,WETH,18,268576,72644700355,14881725
89,0.0005152886478196485,-294232.374066,151.976891191683338898,1654042282,200612,0x80f0365f6a6f1730c1a3ddad5cf577c289639bdacf4a2975ced3b961c23d011f#351198,0x817e5e6b627fd6a7afb7b913f05a279c2a736152,0xa0b86991c6218b36c1d19d4a2e9eb0ce3606eb48,USDC,6,0xc02aaa39b223fe8d0a0e5c4f27ead9083c756cc2,WETH,18,252796,98503867785,14881723
90,0.0005146377523732831,-658366.118757,339.376546391752572928,1654041354,200599,0x61e8f5baabf85ef475a1e45310bc77132ab9be30af09f1e6979c2e25c575f559#351196,0xcaf212e2909284b7ecf1315516aab44e0b5bf8fc,0xa0b86991c6218b36c1d19d4a2e9eb0ce3606eb48,USDC,6,0xc02aaa39b223fe8d0a0e5c4f27ead9083c756cc2,WETH,18,329144,56529473841,14881661
91,0.0005146523293859049,-6746.774606,3.482642018886924738,1654041354,200600,0x477566f3c008e7c38928dfe2984201951e688fa2ad0621b7248ca7ae18d8f95e#351197,0xb1367bd5c4d68897ccedabb0641c6ae491b8a697,0xa0b86991c6218b36c1d19d4a2e9eb0ce3606eb48,USDC,6,0xc02aaa39b223fe8d0a0e5c4f27ead9083c756cc2,WETH,18,268113,58029473841,14881661
92,0.0005132817835041551,-90919.048929,46.8,1654041291,200573,0xe65c0abb9a705f244a7065dce8b2c3ec4c3967dbc5a61798dde7a1712c69b640#351195,0x10bf1dcb5ab7860bab1c3320163c6dddf8dcc0e4,0xa0b86991c6218b36c1d19d4a2e9eb0ce3606eb48,USDC,6,0xc02aaa39b223fe8d0a0e5c4f27ead9083c756cc2,WETH,18,1690278,50000000000,14881656
93,0.000513116999824077,-175000,90.037851064555400898,1654041260,200570,0xd05ef31815c1b91302b22a54a6d93b6e26c233c676e918df5b9fa6b4e400c1bb#351194,0xd282cecd9f9541b80beaf4c60bc1a52528096351,0xa0b86991c6218b36c1d19d4a2e9eb0ce3606eb48,USDC,6,0xc02aaa39b223fe8d0a0e5c4f27ead9083c756cc2,WETH,18,500002,50992091508,14881653
94,0.0005128000492657038,-192887.970828,99.176825952842010784,1654041245,200563,0x59667ff75ab2af8b4c75d976c7718ba1d1845d54ec73dd211a938b9a99d7dd7a#351193,0x042523db4f3effc33d2742022b2490258494f8b3,0xa0b86991c6218b36c1d19d4a2e9eb0ce3606eb48,USDC,6,0xc02aaa39b223fe8d0a0e5c4f27ead9083c756cc2,WETH,18,261734,51233709528,14881652
95,0.0005124510410902447,-23368.875698,12.010943728645956924,1654041124,200557,0xa92e4ba3c60ec315b6ae803095ffd086e80570bcf2ed00cc027dbaf25743e033#351191,0x17bd48111d066870fabbbf341e1f844fea705822,0xa0b86991c6218b36c1d19d4a2e9eb0ce3606eb48,USDC,6,0xc02aaa39b223fe8d0a0e5c4f27ead9083c756cc2,WETH,18,476911,200000000000,14881643
96,0.0005124087820482012,-9728.727817,5,1654041020,200556,0xd2bdc6994b68535cab7daacf3253dd68ba266cda429df8d0b8af473add0daa10#351190,0xcf5331b20f663796b5c2dca96ec18e4209f195a2,0xa0b86991c6218b36c1d19d4a2e9eb0ce3606eb48,USDC,6,0xc02aaa39b223fe8d0a0e5c4f27ead9083c756cc2,WETH,18,291818,69271442732,14881635
97,0.0005123911906710987,-12647.845507,6.5,1654040972,200556,0x125c639194b95baf1dade2e115e7c5c80737de7605d4eda6ccc3edbaa49b2014#351189,0x518e850b139b6d81626b29e1b4e957ad345156a8,0xa0b86991c6218b36c1d19d4a2e9eb0ce3606eb48,USDC,6,0xc02aaa39b223fe8d0a0e5c4f27ead9083c756cc2,WETH,18,206430,60001292426,14881633
98,0.000512368322332307,-5000,2.569527594378549714,1654040726,200555,0x19987e6ef4e887864dda5ee9ab0cd71ce1df8c548704c320f2d424be9e7e1abc#351188,0xdfbc2a2ba22c71f9ddb12d00081dc104170bf8af,0xa0b86991c6218b36c1d19d4a2e9eb0ce3606eb48,USDC,6,0xc02aaa39b223fe8d0a0e5c4f27ead9083c756cc2,WETH,18,243123,38670567082,14881623
99,0.0005123592823457333,-1174.399287,0.603523700440581702,1654040649,200555,0x4041613157c87ecd354c97c1a98e5867c8ff430aeb9822b697614515e42af42f#351187,0x2568babcc8216cce89bb61be808c28ca73ccb2d5,0xa0b86991c6218b36c1d19d4a2e9eb0ce3606eb48,USDC,6,0xc02aaa39b223fe8d0a0e5c4f27ead9083c756cc2,WETH,18,289604,41616656967,14881615
